{
	"credit": "Made with Blockbench",
	"texture_size": [128, 128],
	"textures": {
		"2": "triland:item/christmas_tree",
		"particle": "triland:item/christmas_tree"
	},
	"elements": [
		{
			"from": [0, -9, 1],
			"to": [16, -8, 15],
			"rotation": {"angle": 0, "axis": "y", "origin": [0, -9, 0]},
			"faces": {
				"north": {"uv": [8.75, 2.125, 10.75, 2.25], "texture": "#2"},
				"east": {"uv": [9, 1.125, 10.75, 1.25], "texture": "#2"},
				"south": {"uv": [8.75, 2.25, 10.75, 2.375], "texture": "#2"},
				"west": {"uv": [9, 1.25, 10.75, 1.375], "texture": "#2"},
				"up": {"uv": [2, 1.75, 0, 0], "texture": "#2"},
				"down": {"uv": [2, 1.75, 0, 3.5], "texture": "#2"}
			}
		},
		{
			"from": [1, -9, 15],
			"to": [15, -8, 16],
			"rotation": {"angle": 0, "axis": "y", "origin": [0, -9, 0]},
			"faces": {
				"north": {"uv": [9.375, 9, 11.125, 9.125], "texture": "#2"},
				"east": {"uv": [1.875, 4.25, 2, 4.375], "texture": "#2"},
				"south": {"uv": [9.125, 9.5, 10.875, 9.625], "texture": "#2"},
				"west": {"uv": [1.875, 4.375, 2, 4.5], "texture": "#2"},
				"up": {"uv": [10.875, 9.75, 9.125, 9.625], "texture": "#2"},
				"down": {"uv": [11.5, 2.375, 9.75, 2.5], "texture": "#2"}
			}
		},
		{
			"from": [1, -9, 0],
			"to": [15, -8, 1],
			"rotation": {"angle": 0, "axis": "y", "origin": [0, -9, -15]},
			"faces": {
				"north": {"uv": [9.75, 2.5, 11.5, 2.625], "texture": "#2"},
				"east": {"uv": [3, 4.375, 3.125, 4.5], "texture": "#2"},
				"south": {"uv": [9.75, 2.625, 11.5, 2.75], "texture": "#2"},
				"west": {"uv": [3.125, 4.375, 3.25, 4.5], "texture": "#2"},
				"up": {"uv": [11.5, 2.875, 9.75, 2.75], "texture": "#2"},
				"down": {"uv": [11.5, 2.875, 9.75, 3], "texture": "#2"}
			}
		},
		{
			"from": [6.5, -8, 6.5],
			"to": [9.5, -5, 9.5],
			"rotation": {"angle": 0, "axis": "y", "origin": [7, -8, 7]},
			"faces": {
				"north": {"uv": [6.25, 5, 6.625, 5.375], "texture": "#2"},
				"east": {"uv": [7.75, 7.375, 8.125, 7.75], "texture": "#2"},
				"south": {"uv": [0, 9.625, 0.375, 10], "texture": "#2"},
				"west": {"uv": [0.375, 9.625, 0.75, 10], "texture": "#2"},
				"up": {"uv": [10.125, 3.375, 9.75, 3], "texture": "#2"},
				"down": {"uv": [9.5, 9.75, 9.125, 10.125], "texture": "#2"}
			}
		},
		{
			"from": [6, -5, 6],
			"to": [10, -3, 10],
			"rotation": {"angle": 0, "axis": "y", "origin": [7, -5, 7]},
			"faces": {
				"north": {"uv": [6, 2.75, 6.5, 3], "texture": "#2"},
				"east": {"uv": [6.5, 2.75, 7, 3], "texture": "#2"},
				"south": {"uv": [7, 3.75, 7.5, 4], "texture": "#2"},
				"west": {"uv": [1.375, 7.25, 1.875, 7.5], "texture": "#2"},
				"up": {"uv": [1.875, 4, 1.375, 3.5], "texture": "#2"},
				"down": {"uv": [1.875, 4, 1.375, 4.5], "texture": "#2"}
			}
		},
		{
			"from": [7.25, -3, 7.25],
			"to": [8.75, 23, 8.75],
			"rotation": {"angle": 0, "axis": "y", "origin": [7.75, -3, 6.75]},
			"faces": {
				"north": {"uv": [3.375, 8.5, 3.625, 11.75], "texture": "#2"},
				"east": {"uv": [3.625, 8.5, 3.875, 11.75], "texture": "#2"},
				"south": {"uv": [3.875, 8.5, 4.125, 11.75], "texture": "#2"},
				"west": {"uv": [4.125, 8.5, 4.375, 11.75], "texture": "#2"},
				"up": {"uv": [4.25, 5.25, 4, 5], "texture": "#2"},
				"down": {"uv": [4.25, 5.25, 4, 5.5], "texture": "#2"}
			}
		},
		{
			"from": [7.5, 23, 7.5],
			"to": [8.5, 26, 8.5],
			"rotation": {"angle": 0, "axis": "y", "origin": [7.5, 23, 6.5]},
			"faces": {
				"north": {"uv": [1.875, 3.5, 2, 3.875], "texture": "#2"},
				"east": {"uv": [1.875, 3.875, 2, 4.25], "texture": "#2"},
				"south": {"uv": [5.875, 0, 6, 0.375], "texture": "#2"},
				"west": {"uv": [5.875, 0.375, 6, 0.75], "texture": "#2"},
				"up": {"uv": [4.625, 1.125, 4.5, 1], "texture": "#2"},
				"down": {"uv": [4.75, 3, 4.625, 3.125], "texture": "#2"}
			}
		},
		{
			"from": [3.5, 23, 8],
			"to": [12.5, 32, 8],
			"rotation": {"angle": 0, "axis": "y", "origin": [7.5, 27, 8]},
			"faces": {
				"north": {"uv": [2, 0, 3.125, 1.125], "texture": "#2"},
				"east": {"uv": [0, 0, 0, 1.125], "texture": "#2"},
				"south": {"uv": [2, 1.125, 3.125, 2.25], "texture": "#2"},
				"west": {"uv": [0, 0, 0, 1.125], "texture": "#2"},
				"up": {"uv": [1.25, 0, 0, 0], "texture": "#2"},
				"down": {"uv": [1.25, 0, 0, 0], "texture": "#2"}
			}
		},
		{
			"from": [8, 23, 3.5],
			"to": [8, 32, 12.5],
			"rotation": {"angle": 0, "axis": "y", "origin": [8, 29, 8.5]},
			"faces": {
				"north": {"uv": [0, 0, 0, 1.125], "texture": "#2"},
				"east": {"uv": [2, 2.25, 3.125, 3.375], "texture": "#2"},
				"south": {"uv": [0, 0, 0, 1.125], "texture": "#2"},
				"west": {"uv": [3.25, 0, 4.375, 1.125], "texture": "#2"},
				"up": {"uv": [0, 1.25, 0, 0], "texture": "#2"},
				"down": {"uv": [0, 0, 0, 1.25], "texture": "#2"}
			}
		},
		{
			"from": [2, 2, 4],
			"to": [4, 4, 6],
			"rotation": {"angle": 22.5, "axis": "z", "origin": [3, 3, 5]},
			"faces": {
				"north": {"uv": [6.75, 2.375, 7, 2.625], "texture": "#2"},
				"east": {"uv": [3, 7.25, 3.25, 7.5], "texture": "#2"},
				"south": {"uv": [3.25, 7.25, 3.5, 7.5], "texture": "#2"},
				"west": {"uv": [3.5, 7.25, 3.75, 7.5], "texture": "#2"},
				"up": {"uv": [4, 7.5, 3.75, 7.25], "texture": "#2"},
				"down": {"uv": [5.75, 7.5, 5.5, 7.75], "texture": "#2"}
			}
		},
		{
			"from": [2, 5, 8],
			"to": [4, 7, 10],
			"rotation": {"angle": -45, "axis": "y", "origin": [3, 6, 9]},
			"faces": {
				"north": {"uv": [8.125, 10.25, 8.375, 10.5], "texture": "#2"},
				"east": {"uv": [9.75, 10.25, 10, 10.5], "texture": "#2"},
				"south": {"uv": [10, 10.25, 10.25, 10.5], "texture": "#2"},
				"west": {"uv": [10.25, 10.25, 10.5, 10.5], "texture": "#2"},
				"up": {"uv": [3.25, 10.625, 3, 10.375], "texture": "#2"},
				"down": {"uv": [10.625, 3, 10.375, 3.25], "texture": "#2"}
			}
		},
		{
			"from": [2, 12, 8],
			"to": [4, 14, 10],
			"rotation": {"angle": -22.5, "axis": "y", "origin": [3, 13, 9]},
			"faces": {
				"north": {"uv": [6.625, 10.25, 6.875, 10.5], "texture": "#2"},
				"east": {"uv": [6.875, 10.25, 7.125, 10.5], "texture": "#2"},
				"south": {"uv": [7.125, 10.25, 7.375, 10.5], "texture": "#2"},
				"west": {"uv": [7.375, 10.25, 7.625, 10.5], "texture": "#2"},
				"up": {"uv": [7.875, 10.5, 7.625, 10.25], "texture": "#2"},
				"down": {"uv": [8.125, 10.25, 7.875, 10.5], "texture": "#2"}
			}
		},
		{
			"from": [2, 9, 4],
			"to": [4, 11, 6],
			"rotation": {"angle": 22.5, "axis": "y", "origin": [3, 10, 5]},
			"faces": {
				"north": {"uv": [5.75, 7.5, 6, 7.75], "texture": "#2"},
				"east": {"uv": [6, 7.5, 6.25, 7.75], "texture": "#2"},
				"south": {"uv": [6.25, 7.5, 6.5, 7.75], "texture": "#2"},
				"west": {"uv": [6.5, 7.5, 6.75, 7.75], "texture": "#2"},
				"up": {"uv": [1.25, 8.5, 1, 8.25], "texture": "#2"},
				"down": {"uv": [4.625, 8.5, 4.375, 8.75], "texture": "#2"}
			}
		},
		{
			"from": [9, 5, 1],
			"to": [11, 7, 3],
			"rotation": {"angle": 0, "axis": "y", "origin": [10, 6, 2]},
			"faces": {
				"north": {"uv": [4.625, 8.5, 4.875, 8.75], "texture": "#2"},
				"east": {"uv": [4.875, 8.5, 5.125, 8.75], "texture": "#2"},
				"south": {"uv": [5.125, 8.5, 5.375, 8.75], "texture": "#2"},
				"west": {"uv": [0.75, 9.625, 1, 9.875], "texture": "#2"},
				"up": {"uv": [3.375, 10.125, 3.125, 9.875], "texture": "#2"},
				"down": {"uv": [8.75, 9.875, 8.5, 10.125], "texture": "#2"}
			}
		},
		{
			"from": [7, 9, 1.75],
			"to": [9, 11, 3.75],
			"rotation": {"angle": 22.5, "axis": "y", "origin": [8, 10, 2.75]},
			"faces": {
				"north": {"uv": [5.875, 10.375, 6.125, 10.625], "texture": "#2"},
				"east": {"uv": [6.125, 10.375, 6.375, 10.625], "texture": "#2"},
				"south": {"uv": [6.375, 10.375, 6.625, 10.625], "texture": "#2"},
				"west": {"uv": [10.375, 7.875, 10.625, 8.125], "texture": "#2"},
				"up": {"uv": [10.625, 8.375, 10.375, 8.125], "texture": "#2"},
				"down": {"uv": [8.625, 10.375, 8.375, 10.625], "texture": "#2"}
			}
		},
		{
			"from": [10, 14, 1.75],
			"to": [12, 16, 3.75],
			"rotation": {"angle": -45, "axis": "y", "origin": [11, 15, 2.75]},
			"faces": {
				"north": {"uv": [3, 3.375, 3.25, 3.625], "texture": "#2"},
				"east": {"uv": [3, 3.625, 3.25, 3.875], "texture": "#2"},
				"south": {"uv": [3, 3.875, 3.25, 4.125], "texture": "#2"},
				"west": {"uv": [3, 4.125, 3.25, 4.375], "texture": "#2"},
				"up": {"uv": [4.25, 4.75, 4, 4.5], "texture": "#2"},
				"down": {"uv": [4.25, 4.75, 4, 5], "texture": "#2"}
			}
		},
		{
			"from": [6, 2, 0.75],
			"to": [8, 4, 2.75],
			"rotation": {"angle": 22.5, "axis": "x", "origin": [7, 3, 1.75]},
			"faces": {
				"north": {"uv": [10.375, 8.375, 10.625, 8.625], "texture": "#2"},
				"east": {"uv": [8.625, 10.375, 8.875, 10.625], "texture": "#2"},
				"south": {"uv": [10.375, 8.625, 10.625, 8.875], "texture": "#2"},
				"west": {"uv": [8.875, 10.375, 9.125, 10.625], "texture": "#2"},
				"up": {"uv": [9.375, 10.625, 9.125, 10.375], "texture": "#2"},
				"down": {"uv": [10.625, 9.125, 10.375, 9.375], "texture": "#2"}
			}
		},
		{
			"from": [13, 8, 6],
			"to": [15, 10, 8],
			"rotation": {"angle": 22.5, "axis": "z", "origin": [14, 9, 7]},
			"faces": {
				"north": {"uv": [8.75, 9.875, 9, 10.125], "texture": "#2"},
				"east": {"uv": [9.875, 9.125, 10.125, 9.375], "texture": "#2"},
				"south": {"uv": [9.875, 9.75, 10.125, 10], "texture": "#2"},
				"west": {"uv": [0, 10, 0.25, 10.25], "texture": "#2"},
				"up": {"uv": [0.5, 10.25, 0.25, 10], "texture": "#2"},
				"down": {"uv": [0.75, 10, 0.5, 10.25], "texture": "#2"}
			}
		},
		{
			"from": [13, 2, 5],
			"to": [15, 4, 7],
			"rotation": {"angle": -22.5, "axis": "y", "origin": [14, 3, 6]},
			"faces": {
				"north": {"uv": [10.5, 0.25, 10.75, 0.5], "texture": "#2"},
				"east": {"uv": [0.5, 10.5, 0.75, 10.75], "texture": "#2"},
				"south": {"uv": [10.5, 0.5, 10.75, 0.75], "texture": "#2"},
				"west": {"uv": [0.75, 10.5, 1, 10.75], "texture": "#2"},
				"up": {"uv": [10.75, 1, 10.5, 0.75], "texture": "#2"},
				"down": {"uv": [1.25, 10.5, 1, 10.75], "texture": "#2"}
			}
		},
		{
			"from": [13, 12, 9],
			"to": [15, 14, 11],
			"rotation": {"angle": 0, "axis": "x", "origin": [14, 13, 10]},
			"faces": {
				"north": {"uv": [9.375, 10.375, 9.625, 10.625], "texture": "#2"},
				"east": {"uv": [10.375, 9.75, 10.625, 10], "texture": "#2"},
				"south": {"uv": [10.375, 10, 10.625, 10.25], "texture": "#2"},
				"west": {"uv": [0, 10.5, 0.25, 10.75], "texture": "#2"},
				"up": {"uv": [10.75, 0.25, 10.5, 0], "texture": "#2"},
				"down": {"uv": [0.5, 10.5, 0.25, 10.75], "texture": "#2"}
			}
		},
		{
			"from": [13, 1, 10],
			"to": [15, 3, 12],
			"rotation": {"angle": 22.5, "axis": "y", "origin": [14, 2, 11]},
			"faces": {
				"north": {"uv": [9.875, 10, 10.125, 10.25], "texture": "#2"},
				"east": {"uv": [10.125, 3, 10.375, 3.25], "texture": "#2"},
				"south": {"uv": [3.125, 10.125, 3.375, 10.375], "texture": "#2"},
				"west": {"uv": [5.875, 10.125, 6.125, 10.375], "texture": "#2"},
				"up": {"uv": [6.375, 10.375, 6.125, 10.125], "texture": "#2"},
				"down": {"uv": [6.625, 10.125, 6.375, 10.375], "texture": "#2"}
			}
		},
		{
			"from": [4, 1, 12],
			"to": [6, 3, 14],
			"rotation": {"angle": -22.5, "axis": "y", "origin": [5, 2, 13]},
			"faces": {
				"north": {"uv": [8.5, 10.125, 8.75, 10.375], "texture": "#2"},
				"east": {"uv": [10.125, 8.625, 10.375, 8.875], "texture": "#2"},
				"south": {"uv": [8.75, 10.125, 9, 10.375], "texture": "#2"},
				"west": {"uv": [9, 10.125, 9.25, 10.375], "texture": "#2"},
				"up": {"uv": [10.375, 9.375, 10.125, 9.125], "texture": "#2"},
				"down": {"uv": [9.5, 10.125, 9.25, 10.375], "texture": "#2"}
			}
		},
		{
			"from": [8, 5, 12],
			"to": [10, 7, 14],
			"rotation": {"angle": -22.5, "axis": "x", "origin": [9, 6, 13]},
			"faces": {
				"north": {"uv": [9.5, 10.125, 9.75, 10.375], "texture": "#2"},
				"east": {"uv": [10.125, 9.75, 10.375, 10], "texture": "#2"},
				"south": {"uv": [10.125, 10, 10.375, 10.25], "texture": "#2"},
				"west": {"uv": [0, 10.25, 0.25, 10.5], "texture": "#2"},
				"up": {"uv": [0.5, 10.5, 0.25, 10.25], "texture": "#2"},
				"down": {"uv": [0.75, 10.25, 0.5, 10.5], "texture": "#2"}
			}
		},
		{
			"from": [6, 9, 12],
			"to": [8, 11, 14],
			"rotation": {"angle": -45, "axis": "y", "origin": [7, 10, 13]},
			"faces": {
				"north": {"uv": [0.75, 10.25, 1, 10.5], "texture": "#2"},
				"east": {"uv": [1, 10.25, 1.25, 10.5], "texture": "#2"},
				"south": {"uv": [1.25, 10.25, 1.5, 10.5], "texture": "#2"},
				"west": {"uv": [1.5, 10.25, 1.75, 10.5], "texture": "#2"},
				"up": {"uv": [2, 10.5, 1.75, 10.25], "texture": "#2"},
				"down": {"uv": [3, 10.25, 2.75, 10.5], "texture": "#2"}
			}
		},
		{
			"from": [8, 14, 12],
			"to": [10, 16, 14],
			"rotation": {"angle": 22.5, "axis": "y", "origin": [9, 15, 13]},
			"faces": {
				"north": {"uv": [4.375, 10.25, 4.625, 10.5], "texture": "#2"},
				"east": {"uv": [4.625, 10.25, 4.875, 10.5], "texture": "#2"},
				"south": {"uv": [4.875, 10.25, 5.125, 10.5], "texture": "#2"},
				"west": {"uv": [5.125, 10.25, 5.375, 10.5], "texture": "#2"},
				"up": {"uv": [5.625, 10.5, 5.375, 10.25], "texture": "#2"},
				"down": {"uv": [5.875, 10.25, 5.625, 10.5], "texture": "#2"}
			}
		},
		{
			"from": [1, -8, 9],
			"to": [7, -5, 12],
			"rotation": {"angle": -22.5, "axis": "y", "origin": [4.5, -6.5, 10.5]},
			"faces": {
				"north": {"uv": [6, 2.375, 6.75, 2.75], "texture": "#2"},
				"east": {"uv": [9.5, 9.75, 9.875, 10.125], "texture": "#2"},
				"south": {"uv": [9.375, 8.625, 10.125, 9], "texture": "#2"},
				"west": {"uv": [0.75, 9.875, 1.125, 10.25], "texture": "#2"},
				"up": {"uv": [5.125, 9.875, 4.375, 9.5], "texture": "#2"},
				"down": {"uv": [5.875, 9.5, 5.125, 9.875], "texture": "#2"}
			}
		},
		{
			"from": [2.1, -6, -0.25],
			"to": [5.1, -3, 8.75],
			"rotation": {"angle": -22.5, "axis": "x", "origin": [3.6, -4.5, 5.25]},
			"faces": {
				"north": {"uv": [1.125, 9.875, 1.5, 10.25], "texture": "#2"},
				"east": {"uv": [9.25, 7.875, 10.375, 8.25], "texture": "#2"},
				"south": {"uv": [1.5, 9.875, 1.875, 10.25], "texture": "#2"},
				"west": {"uv": [9.25, 8.25, 10.375, 8.625], "texture": "#2"},
				"up": {"uv": [2.375, 10.625, 2, 9.5], "texture": "#2"},
				"down": {"uv": [2.75, 9.5, 2.375, 10.625], "texture": "#2"}
			}
		},
		{
			"from": [11.1, -8, 2.75],
			"to": [14.1, -5, 7.75],
			"rotation": {"angle": 22.5, "axis": "y", "origin": [12.6, -6.5, 6.25]},
			"faces": {
				"north": {"uv": [2.75, 9.875, 3.125, 10.25], "texture": "#2"},
				"east": {"uv": [7, 3.375, 7.625, 3.75], "texture": "#2"},
				"south": {"uv": [4.375, 9.875, 4.75, 10.25], "texture": "#2"},
				"west": {"uv": [2.75, 9.5, 3.375, 9.875], "texture": "#2"},
				"up": {"uv": [6.25, 10.125, 5.875, 9.5], "texture": "#2"},
				"down": {"uv": [6.625, 9.5, 6.25, 10.125], "texture": "#2"}
			}
		},
		{
			"from": [6.1, -8, 0.75],
			"to": [9.1, -5, 3.75],
			"rotation": {"angle": 0, "axis": "y", "origin": [9.6, -6.5, 2.25]},
			"faces": {
				"north": {"uv": [5.5, 9.875, 5.875, 10.25], "texture": "#2"},
				"east": {"uv": [6.625, 9.875, 7, 10.25], "texture": "#2"},
				"south": {"uv": [7, 9.875, 7.375, 10.25], "texture": "#2"},
				"west": {"uv": [7.375, 9.875, 7.75, 10.25], "texture": "#2"},
				"up": {"uv": [8.125, 10.25, 7.75, 9.875], "texture": "#2"},
				"down": {"uv": [8.5, 9.875, 8.125, 10.25], "texture": "#2"}
			}
		},
		{
			"from": [10.1, -8, 9.75],
			"to": [15.1, -5, 12.75],
			"rotation": {"angle": 22.5, "axis": "y", "origin": [11.6, -6.5, 11.25]},
			"faces": {
				"north": {"uv": [6.625, 9.5, 7.25, 9.875], "texture": "#2"},
				"east": {"uv": [4.75, 9.875, 5.125, 10.25], "texture": "#2"},
				"south": {"uv": [7.25, 9.5, 7.875, 9.875], "texture": "#2"},
				"west": {"uv": [5.125, 9.875, 5.5, 10.25], "texture": "#2"},
				"up": {"uv": [8.5, 9.875, 7.875, 9.5], "texture": "#2"},
				"down": {"uv": [9.125, 9.5, 8.5, 9.875], "texture": "#2"}
			}
		},
		{
			"from": [2, -2, 1],
			"to": [2, 1, 15],
			"rotation": {"angle": 0, "axis": "y", "origin": [0, -2, 1]},
			"faces": {
				"north": {"uv": [0, 0, 0, 0.375], "texture": "#2"},
				"east": {"uv": [8.75, 1.375, 10.5, 1.75], "texture": "#2"},
				"south": {"uv": [0, 0, 0, 0.375], "texture": "#2"},
				"west": {"uv": [8.75, 1.75, 10.5, 2.125], "texture": "#2"},
				"up": {"uv": [0, 1.75, 0, 0], "texture": "#2"},
				"down": {"uv": [0, 0, 0, 1.75], "texture": "#2"}
			}
		},
		{
			"from": [2, -2, 15],
			"to": [14, 1, 15],
			"rotation": {"angle": 0, "axis": "y", "origin": [6, -2, 1]},
			"faces": {
				"north": {"uv": [7.875, 8.75, 9.375, 9.125], "texture": "#2"},
				"east": {"uv": [0, 0, 0, 0.375], "texture": "#2"},
				"south": {"uv": [9, 0, 10.5, 0.375], "texture": "#2"},
				"west": {"uv": [0, 0, 0, 0.375], "texture": "#2"},
				"up": {"uv": [1.5, 0, 0, 0], "texture": "#2"},
				"down": {"uv": [1.5, 0, 0, 0], "texture": "#2"}
			}
		},
		{
			"from": [2, -2, 1],
			"to": [14, 1, 1],
			"rotation": {"angle": 0, "axis": "y", "origin": [6, -2, -13]},
			"faces": {
				"north": {"uv": [9, 0.375, 10.5, 0.75], "texture": "#2"},
				"east": {"uv": [0, 0, 0, 0.375], "texture": "#2"},
				"south": {"uv": [9, 0.75, 10.5, 1.125], "texture": "#2"},
				"west": {"uv": [0, 0, 0, 0.375], "texture": "#2"},
				"up": {"uv": [1.5, 0, 0, 0], "texture": "#2"},
				"down": {"uv": [1.5, 0, 0, 0], "texture": "#2"}
			}
		},
		{
			"from": [14, -2, 1],
			"to": [14, 1, 15],
			"rotation": {"angle": 0, "axis": "y", "origin": [12, -2, 1]},
			"faces": {
				"north": {"uv": [0, 0, 0, 0.375], "texture": "#2"},
				"east": {"uv": [4.375, 8.75, 6.125, 9.125], "texture": "#2"},
				"south": {"uv": [0, 0, 0, 0.375], "texture": "#2"},
				"west": {"uv": [6.125, 8.75, 7.875, 9.125], "texture": "#2"},
				"up": {"uv": [0, 1.75, 0, 0], "texture": "#2"},
				"down": {"uv": [0, 0, 0, 1.75], "texture": "#2"}
			}
		},
		{
			"from": [2, 6, 2],
			"to": [2, 9, 13.5],
			"rotation": {"angle": 0, "axis": "y", "origin": [0, 6, 1]},
			"faces": {
				"north": {"uv": [0, 0, 0, 0.375], "texture": "#2"},
				"east": {"uv": [9, 3.375, 10.5, 3.75], "texture": "#2"},
				"south": {"uv": [0, 0, 0, 0.375], "texture": "#2"},
				"west": {"uv": [9, 3.75, 10.5, 4.125], "texture": "#2"},
				"up": {"uv": [0, 1.5, 0, 0], "texture": "#2"},
				"down": {"uv": [0, 0, 0, 1.5], "texture": "#2"}
			}
		},
		{
			"from": [2, 6, 13.5],
			"to": [13.5, 9, 13.5],
			"rotation": {"angle": 0, "axis": "y", "origin": [5, 6, -0.5]},
			"faces": {
				"north": {"uv": [9.125, 4.125, 10.625, 4.5], "texture": "#2"},
				"east": {"uv": [0, 0, 0, 0.375], "texture": "#2"},
				"south": {"uv": [4.375, 9.125, 5.875, 9.5], "texture": "#2"},
				"west": {"uv": [0, 0, 0, 0.375], "texture": "#2"},
				"up": {"uv": [1.5, 0, 0, 0], "texture": "#2"},
				"down": {"uv": [1.5, 0, 0, 0], "texture": "#2"}
			}
		},
		{
			"from": [2, 6, 2],
			"to": [13.5, 9, 2],
			"rotation": {"angle": 0, "axis": "y", "origin": [6, 6, -12]},
			"faces": {
				"north": {"uv": [9.125, 4.5, 10.625, 4.875], "texture": "#2"},
				"east": {"uv": [0, 0, 0, 0.375], "texture": "#2"},
				"south": {"uv": [9.125, 4.875, 10.625, 5.25], "texture": "#2"},
				"west": {"uv": [0, 0, 0, 0.375], "texture": "#2"},
				"up": {"uv": [1.5, 0, 0, 0], "texture": "#2"},
				"down": {"uv": [1.5, 0, 0, 0], "texture": "#2"}
			}
		},
		{
			"from": [13.5, 6, 2],
			"to": [13.5, 9, 13.5],
			"rotation": {"angle": 0, "axis": "y", "origin": [11.5, 6, 2]},
			"faces": {
				"north": {"uv": [0, 0, 0, 0.375], "texture": "#2"},
				"east": {"uv": [9.125, 5.25, 10.625, 5.625], "texture": "#2"},
				"south": {"uv": [0, 0, 0, 0.375], "texture": "#2"},
				"west": {"uv": [9.125, 5.625, 10.625, 6], "texture": "#2"},
				"up": {"uv": [0, 1.5, 0, 0], "texture": "#2"},
				"down": {"uv": [0, 0, 0, 1.5], "texture": "#2"}
			}
		},
		{
			"from": [3, 16, 2.5],
			"to": [3, 19, 12.5],
			"rotation": {"angle": 0, "axis": "y", "origin": [1, 16, -0.5]},
			"faces": {
				"north": {"uv": [0, 0, 0, 0.375], "texture": "#2"},
				"east": {"uv": [5.875, 9.125, 7.125, 9.5], "texture": "#2"},
				"south": {"uv": [0, 0, 0, 0.375], "texture": "#2"},
				"west": {"uv": [9.125, 6, 10.375, 6.375], "texture": "#2"},
				"up": {"uv": [0, 1.5, 0, 0], "texture": "#2"},
				"down": {"uv": [0, 0, 0, 1.5], "texture": "#2"}
			}
		},
		{
			"from": [3, 16, 12.5],
			"to": [13, 19, 12.5],
			"rotation": {"angle": 0, "axis": "y", "origin": [6, 16, -1.5]},
			"faces": {
				"north": {"uv": [7.375, 9.125, 8.625, 9.5], "texture": "#2"},
				"east": {"uv": [0, 0, 0, 0.375], "texture": "#2"},
				"south": {"uv": [8.625, 9.125, 9.875, 9.5], "texture": "#2"},
				"west": {"uv": [0, 0, 0, 0.375], "texture": "#2"},
				"up": {"uv": [1.25, 0, 0, 0], "texture": "#2"},
				"down": {"uv": [1.25, 0, 0, 0], "texture": "#2"}
			}
		},
		{
			"from": [3, 16, 2.5],
			"to": [13, 19, 2.5],
			"rotation": {"angle": 0, "axis": "y", "origin": [6, 16, -11.5]},
			"faces": {
				"north": {"uv": [9.25, 7.125, 10.5, 7.5], "texture": "#2"},
				"east": {"uv": [0, 0, 0, 0.375], "texture": "#2"},
				"south": {"uv": [9.25, 7.5, 10.5, 7.875], "texture": "#2"},
				"west": {"uv": [0, 0, 0, 0.375], "texture": "#2"},
				"up": {"uv": [1.25, 0, 0, 0], "texture": "#2"},
				"down": {"uv": [1.25, 0, 0, 0], "texture": "#2"}
			}
		},
		{
			"from": [13, 16, 2.5],
			"to": [13, 19, 12.5],
			"rotation": {"angle": 0, "axis": "y", "origin": [11, 16, -0.5]},
			"faces": {
				"north": {"uv": [0, 0, 0, 0.375], "texture": "#2"},
				"east": {"uv": [9.125, 6.375, 10.375, 6.75], "texture": "#2"},
				"south": {"uv": [0, 0, 0, 0.375], "texture": "#2"},
				"west": {"uv": [9.125, 6.75, 10.625, 7.125], "texture": "#2"},
				"up": {"uv": [0, 1.5, 0, 0], "texture": "#2"},
				"down": {"uv": [0, 0, 0, 1.5], "texture": "#2"}
			}
		},
		{
			"from": [2.5, -1, 1],
			"to": [13.5, -1, 9],
			"rotation": {"angle": -22.5, "axis": "x", "origin": [8.5, -4, 3]},
			"faces": {
				"north": {"uv": [0, 0, 1.375, 0], "texture": "#2"},
				"east": {"uv": [0, 0, 1, 0], "texture": "#2"},
				"south": {"uv": [0, 0, 1.375, 0], "texture": "#2"},
				"west": {"uv": [0, 0, 1, 0], "texture": "#2"},
				"up": {"uv": [4.625, 2.125, 3.25, 1.125], "texture": "#2"},
				"down": {"uv": [4.625, 2.125, 3.25, 3.125], "texture": "#2"}
			}
		},
		{
			"from": [-0.55029, 0.53701, 2.5],
			"to": [7.44971, 0.53701, 13.5],
			"rotation": {"angle": 22.5, "axis": "z", "origin": [6.75, 0.53701, 7.5]},
			"faces": {
				"north": {"uv": [0, 0, 1, 0], "texture": "#2"},
				"east": {"uv": [0, 0, 1.375, 0], "texture": "#2"},
				"south": {"uv": [0, 0, 1, 0], "texture": "#2"},
				"west": {"uv": [0, 0, 1.375, 0], "texture": "#2"},
				"up": {"uv": [4.25, 4.5, 3.25, 3.125], "texture": "#2"},
				"down": {"uv": [3, 3.375, 2, 4.75], "texture": "#2"}
			}
		},
		{
			"from": [8.55029, 0.53701, 2.5],
			"to": [16.55029, 0.53701, 13.5],
			"rotation": {"angle": -22.5, "axis": "z", "origin": [9.25, 0.53701, 8.5]},
			"faces": {
				"north": {"uv": [0, 0, 1, 0], "texture": "#2"},
				"east": {"uv": [0, 0, 1.375, 0], "texture": "#2"},
				"south": {"uv": [0, 0, 1, 0], "texture": "#2"},
				"west": {"uv": [0, 0, 1.375, 0], "texture": "#2"},
				"up": {"uv": [5.25, 5.5, 4.25, 4.125], "texture": "#2"},
				"down": {"uv": [1, 4.5, 0, 5.875], "texture": "#2"}
			}
		},
		{
			"from": [2.5, 0.53701, 8.55029],
			"to": [13.5, 0.53701, 16.55029],
			"rotation": {"angle": 22.5, "axis": "x", "origin": [7.5, 0.53701, 9.25]},
			"faces": {
				"north": {"uv": [0, 0, 1.375, 0], "texture": "#2"},
				"east": {"uv": [0, 0, 1, 0], "texture": "#2"},
				"south": {"uv": [0, 0, 1.375, 0], "texture": "#2"},
				"west": {"uv": [0, 0, 1, 0], "texture": "#2"},
				"up": {"uv": [1.375, 4.5, 0, 3.5], "texture": "#2"},
				"down": {"uv": [5.625, 3.125, 4.25, 4.125], "texture": "#2"}
			}
		},
		{
			"from": [2.5, 2, 1],
			"to": [13.5, 2, 9],
			"rotation": {"angle": -22.5, "axis": "x", "origin": [8.5, -1, 3]},
			"faces": {
				"north": {"uv": [0, 0, 1.375, 0], "texture": "#2"},
				"east": {"uv": [0, 0, 1, 0], "texture": "#2"},
				"south": {"uv": [0, 0, 1.375, 0], "texture": "#2"},
				"west": {"uv": [0, 0, 1, 0], "texture": "#2"},
				"up": {"uv": [5.875, 1, 4.5, 0], "texture": "#2"},
				"down": {"uv": [6, 1, 4.625, 2], "texture": "#2"}
			}
		},
		{
			"from": [-0.55029, 3.53701, 2.5],
			"to": [7.44971, 3.53701, 13.5],
			"rotation": {"angle": 22.5, "axis": "z", "origin": [6.75, 3.53701, 7.5]},
			"faces": {
				"north": {"uv": [0, 0, 1, 0], "texture": "#2"},
				"east": {"uv": [0, 0, 1.375, 0], "texture": "#2"},
				"south": {"uv": [0, 0, 1, 0], "texture": "#2"},
				"west": {"uv": [0, 0, 1.375, 0], "texture": "#2"},
				"up": {"uv": [2, 5.875, 1, 4.5], "texture": "#2"},
				"down": {"uv": [4, 4.5, 3, 5.875], "texture": "#2"}
			}
		},
		{
			"from": [8.55029, 3.53701, 2.5],
			"to": [16.55029, 3.53701, 13.5],
			"rotation": {"angle": -22.5, "axis": "z", "origin": [9.25, 3.53701, 8.5]},
			"faces": {
				"north": {"uv": [0, 0, 1, 0], "texture": "#2"},
				"east": {"uv": [0, 0, 1.375, 0], "texture": "#2"},
				"south": {"uv": [0, 0, 1, 0], "texture": "#2"},
				"west": {"uv": [0, 0, 1.375, 0], "texture": "#2"},
				"up": {"uv": [3, 6.125, 2, 4.75], "texture": "#2"},
				"down": {"uv": [6.25, 4.125, 5.25, 5.5], "texture": "#2"}
			}
		},
		{
			"from": [2.5, 3.53701, 8.55029],
			"to": [13.5, 3.53701, 16.55029],
			"rotation": {"angle": 22.5, "axis": "x", "origin": [7.5, 3.53701, 9.25]},
			"faces": {
				"north": {"uv": [0, 0, 1.375, 0], "texture": "#2"},
				"east": {"uv": [0, 0, 1, 0], "texture": "#2"},
				"south": {"uv": [0, 0, 1.375, 0], "texture": "#2"},
				"west": {"uv": [0, 0, 1, 0], "texture": "#2"},
				"up": {"uv": [6, 3, 4.625, 2], "texture": "#2"},
				"down": {"uv": [5.375, 5.5, 4, 6.5], "texture": "#2"}
			}
		},
		{
			"from": [2.5, 15.25, 5.75736],
			"to": [13.5, 23.25, 5.75736],
			"rotation": {"angle": 22.5, "axis": "x", "origin": [8, 19.25, 5.75736]},
			"faces": {
				"north": {"uv": [7.375, 1.375, 8.75, 2.375], "texture": "#2"},
				"east": {"uv": [0, 0, 0, 1], "texture": "#2"},
				"south": {"uv": [1.375, 7.5, 2.75, 8.5], "texture": "#2"},
				"west": {"uv": [0, 0, 0, 1], "texture": "#2"},
				"up": {"uv": [1.375, 0, 0, 0], "texture": "#2"},
				"down": {"uv": [1.375, 0, 0, 0], "texture": "#2"}
			}
		},
		{
			"from": [5.70815, 15.48571, 2],
			"to": [5.70815, 23.48571, 13],
			"rotation": {"angle": -22.5, "axis": "z", "origin": [5.70815, 19.48571, 7.5]},
			"faces": {
				"north": {"uv": [0, 0, 0, 1], "texture": "#2"},
				"east": {"uv": [2.75, 7.5, 4.125, 8.5], "texture": "#2"},
				"south": {"uv": [0, 0, 0, 1], "texture": "#2"},
				"west": {"uv": [4.125, 7.5, 5.5, 8.5], "texture": "#2"},
				"up": {"uv": [0, 1.375, 0, 0], "texture": "#2"},
				"down": {"uv": [0, 0, 0, 1.375], "texture": "#2"}
			}
		},
		{
			"from": [10.19871, 15.32886, 2.5],
			"to": [10.19871, 23.32886, 13.5],
			"rotation": {"angle": 22.5, "axis": "z", "origin": [10.19871, 19.32886, 8]},
			"faces": {
				"north": {"uv": [0, 0, 0, 1], "texture": "#2"},
				"east": {"uv": [7.625, 3.375, 9, 4.375], "texture": "#2"},
				"south": {"uv": [0, 0, 0, 1], "texture": "#2"},
				"west": {"uv": [7.75, 4.375, 9.125, 5.375], "texture": "#2"},
				"up": {"uv": [0, 1.375, 0, 0], "texture": "#2"},
				"down": {"uv": [0, 0, 0, 1.375], "texture": "#2"}
			}
		},
		{
			"from": [2.5, 15.32886, 10.19871],
			"to": [13.5, 23.32886, 10.19871],
			"rotation": {"angle": -22.5, "axis": "x", "origin": [8, 19.32886, 10.19871]},
			"faces": {
				"north": {"uv": [7.75, 5.375, 9.125, 6.375], "texture": "#2"},
				"east": {"uv": [0, 0, 0, 1], "texture": "#2"},
				"south": {"uv": [5.5, 7.75, 6.875, 8.75], "texture": "#2"},
				"west": {"uv": [0, 0, 0, 1], "texture": "#2"},
				"up": {"uv": [1.375, 0, 0, 0], "texture": "#2"},
				"down": {"uv": [1.375, 0, 0, 0], "texture": "#2"}
			}
		},
		{
			"from": [2.5, 9.25, 1.75],
			"to": [13.5, 9.25, 9.75],
			"rotation": {"angle": -45, "axis": "x", "origin": [8, 6.25, 8.75]},
			"faces": {
				"north": {"uv": [0, 0, 1.375, 0], "texture": "#2"},
				"east": {"uv": [0, 0, 1, 0], "texture": "#2"},
				"south": {"uv": [0, 0, 1.375, 0], "texture": "#2"},
				"west": {"uv": [0, 0, 1, 0], "texture": "#2"},
				"up": {"uv": [6.75, 6.5, 5.375, 5.5], "texture": "#2"},
				"down": {"uv": [7, 3, 5.625, 4], "texture": "#2"}
			}
		},
		{
			"from": [1.25, 3.5, 2],
			"to": [9.25, 3.5, 13],
			"rotation": {"angle": 45, "axis": "z", "origin": [1.25, 4.03701, 2]},
			"faces": {
				"north": {"uv": [0, 0, 1, 0], "texture": "#2"},
				"east": {"uv": [0, 0, 1.375, 0], "texture": "#2"},
				"south": {"uv": [0, 0, 1, 0], "texture": "#2"},
				"west": {"uv": [0, 0, 1.375, 0], "texture": "#2"},
				"up": {"uv": [1, 7.25, 0, 5.875], "texture": "#2"},
				"down": {"uv": [2, 5.875, 1, 7.25], "texture": "#2"}
			}
		},
		{
			"from": [9, 9, 2.5],
			"to": [17, 9, 13.5],
			"rotation": {"angle": -45, "axis": "z", "origin": [9, 9.53701, 2.5]},
			"faces": {
				"north": {"uv": [0, 0, 1, 0], "texture": "#2"},
				"east": {"uv": [0, 0, 1.375, 0], "texture": "#2"},
				"south": {"uv": [0, 0, 1, 0], "texture": "#2"},
				"west": {"uv": [0, 0, 1.375, 0], "texture": "#2"},
				"up": {"uv": [4, 7.25, 3, 5.875], "texture": "#2"},
				"down": {"uv": [7, 0, 6, 1.375], "texture": "#2"}
			}
		},
		{
			"from": [2.5, 9, 9],
			"to": [13.5, 9, 17],
			"rotation": {"angle": 45, "axis": "x", "origin": [8, 9.53701, 9]},
			"faces": {
				"north": {"uv": [0, 0, 1.375, 0], "texture": "#2"},
				"east": {"uv": [0, 0, 1, 0], "texture": "#2"},
				"south": {"uv": [0, 0, 1.375, 0], "texture": "#2"},
				"west": {"uv": [0, 0, 1, 0], "texture": "#2"},
				"up": {"uv": [7.375, 2.375, 6, 1.375], "texture": "#2"},
				"down": {"uv": [7.625, 4, 6.25, 5], "texture": "#2"}
			}
		},
		{
			"from": [2.5, 13.25, 1.75],
			"to": [13.5, 13.25, 9.75],
			"rotation": {"angle": -45, "axis": "x", "origin": [8, 10.25, 8.75]},
			"faces": {
				"north": {"uv": [0, 0, 1.375, 0], "texture": "#2"},
				"east": {"uv": [0, 0, 1, 0], "texture": "#2"},
				"south": {"uv": [0, 0, 1.375, 0], "texture": "#2"},
				"west": {"uv": [0, 0, 1, 0], "texture": "#2"},
				"up": {"uv": [5.375, 7.5, 4, 6.5], "texture": "#2"},
				"down": {"uv": [6.75, 6.5, 5.375, 7.5], "texture": "#2"}
			}
		},
		{
			"from": [1.25, 7.5, 2],
			"to": [9.25, 7.5, 13],
			"rotation": {"angle": 45, "axis": "z", "origin": [1.25, 8.03701, 2]},
			"faces": {
				"north": {"uv": [0, 0, 1, 0], "texture": "#2"},
				"east": {"uv": [0, 0, 1.375, 0], "texture": "#2"},
				"south": {"uv": [0, 0, 1, 0], "texture": "#2"},
				"west": {"uv": [0, 0, 1.375, 0], "texture": "#2"},
				"up": {"uv": [3, 7.5, 2, 6.125], "texture": "#2"},
				"down": {"uv": [7.75, 5, 6.75, 6.375], "texture": "#2"}
			}
		},
		{
			"from": [9, 13, 2.5],
			"to": [17, 13, 13.5],
			"rotation": {"angle": -45, "axis": "z", "origin": [9, 13.53701, 2.5]},
			"faces": {
				"north": {"uv": [0, 0, 1, 0], "texture": "#2"},
				"east": {"uv": [0, 0, 1.375, 0], "texture": "#2"},
				"south": {"uv": [0, 0, 1, 0], "texture": "#2"},
				"west": {"uv": [0, 0, 1.375, 0], "texture": "#2"},
				"up": {"uv": [7.75, 7.75, 6.75, 6.375], "texture": "#2"},
				"down": {"uv": [8, 0, 7, 1.375], "texture": "#2"}
			}
		},
		{
			"from": [2.5, 13, 9],
			"to": [13.5, 13, 17],
			"rotation": {"angle": 45, "axis": "x", "origin": [8, 13.53701, 9]},
			"faces": {
				"north": {"uv": [0, 0, 1.375, 0], "texture": "#2"},
				"east": {"uv": [0, 0, 1, 0], "texture": "#2"},
				"south": {"uv": [0, 0, 1.375, 0], "texture": "#2"},
				"west": {"uv": [0, 0, 1, 0], "texture": "#2"},
				"up": {"uv": [8.375, 3.375, 7, 2.375], "texture": "#2"},
				"down": {"uv": [1.375, 7.25, 0, 8.25], "texture": "#2"}
			}
		},
		{
			"from": [2.5, 17.25, 1.75],
			"to": [13.5, 17.25, 9.75],
			"rotation": {"angle": -45, "axis": "x", "origin": [8, 14.25, 8.75]},
			"faces": {
				"north": {"uv": [0, 0, 1.375, 0], "texture": "#2"},
				"east": {"uv": [0, 0, 1, 0], "texture": "#2"},
				"south": {"uv": [0, 0, 1.375, 0], "texture": "#2"},
				"west": {"uv": [0, 0, 1, 0], "texture": "#2"},
				"up": {"uv": [9.125, 7.375, 7.75, 6.375], "texture": "#2"},
				"down": {"uv": [8.25, 7.75, 6.875, 8.75], "texture": "#2"}
			}
		},
		{
			"from": [1.25, 11.5, 2],
			"to": [9.25, 11.5, 13],
			"rotation": {"angle": 45, "axis": "z", "origin": [1.25, 12.03701, 2]},
			"faces": {
				"north": {"uv": [0, 0, 1, 0], "texture": "#2"},
				"east": {"uv": [0, 0, 1.375, 0], "texture": "#2"},
				"south": {"uv": [0, 0, 1, 0], "texture": "#2"},
				"west": {"uv": [0, 0, 1.375, 0], "texture": "#2"},
				"up": {"uv": [9, 1.375, 8, 0], "texture": "#2"},
				"down": {"uv": [1, 8.25, 0, 9.625], "texture": "#2"}
			}
		},
		{
			"from": [9, 17, 2.5],
			"to": [17, 17, 13.5],
			"rotation": {"angle": -45, "axis": "z", "origin": [9, 17.53701, 2.5]},
			"faces": {
				"north": {"uv": [0, 0, 1, 0], "texture": "#2"},
				"east": {"uv": [0, 0, 1.375, 0], "texture": "#2"},
				"south": {"uv": [0, 0, 1, 0], "texture": "#2"},
				"west": {"uv": [0, 0, 1.375, 0], "texture": "#2"},
				"up": {"uv": [9.25, 8.75, 8.25, 7.375], "texture": "#2"},
				"down": {"uv": [2, 8.5, 1, 9.875], "texture": "#2"}
			}
		},
		{
			"from": [2.5, 17, 9],
			"to": [13.5, 17, 17],
			"rotation": {"angle": 45, "axis": "x", "origin": [8, 17.53701, 9]},
			"faces": {
				"north": {"uv": [0, 0, 1.375, 0], "texture": "#2"},
				"east": {"uv": [0, 0, 1, 0], "texture": "#2"},
				"south": {"uv": [0, 0, 1.375, 0], "texture": "#2"},
				"west": {"uv": [0, 0, 1, 0], "texture": "#2"},
				"up": {"uv": [9.75, 3.375, 8.375, 2.375], "texture": "#2"},
				"down": {"uv": [3.375, 8.5, 2, 9.5], "texture": "#2"}
			}
		}
	],
	"display": {
		"gui": {
			"rotation": [0, 34.5, 0]
		},
		"head": {
			"translation": [0, 23.25, 0]
		}
	},
	"groups": [
		{
			"name": "Mat",
			"origin": [8, 8, 8],
			"color": 0,
			"children": [0, 1, 2]
		},
		{
			"name": "Pot",
			"origin": [8, 8, 8],
			"color": 0,
			"children": [3, 4]
		},
		{
			"name": "Bark",
			"origin": [8, 8, 8],
			"color": 0,
			"children": [5, 6]
		},
		{
			"name": "Star",
			"origin": [8, 8, 8],
			"color": 0,
			"children": [7, 8]
		},
		{
			"name": "Ortaments",
			"origin": [8, 8, 8],
			"color": 0,
			"children": [9, 10, 11, 12, 13, 14, 15, 16, 17, 18, 19, 20, 21, 22, 23, 24]
		},
		{
			"name": "Presents",
			"origin": [8, 8, 8],
			"color": 0,
			"children": [25, 26, 27, 28, 29]
		},
		{
			"name": "Lights",
			"origin": [8, 8, 8],
			"color": 0,
			"children": [
				{
					"name": "bottom",
					"origin": [8, 8, 8],
					"color": 0,
					"children": [30, 31, 32, 33]
				},
				{
					"name": "middle",
					"origin": [8, 8, 8],
					"color": 0,
					"children": [34, 35, 36, 37]
				},
				{
					"name": "top",
					"origin": [8, 8, 8],
					"color": 0,
					"children": [38, 39, 40, 41]
				}
			]
		},
		{
			"name": "Leaves",
			"origin": [8, 8, 8],
			"color": 0,
			"children": [
				{
					"name": "Bottom Leaves",
					"origin": [8, 8, 8],
					"color": 0,
					"children": [
						{
							"name": "Leaves",
							"origin": [8, 8, 8],
							"color": 0,
							"children": [42, 43, 44, 45]
						},
						{
							"name": "Leaves",
							"origin": [8, 8, 8],
							"color": 0,
							"children": [46, 47, 48, 49]
						}
					]
				},
				{
					"name": "Top Leaves",
					"origin": [8, 8, 8],
					"color": 0,
					"children": [
						{
							"name": "Leaves",
							"origin": [8, 8, 8],
							"color": 0,
							"children": [50, 51, 52, 53]
						}
					]
				},
				{
					"name": "Middle Leaves",
					"origin": [8, 8, 8],
					"color": 0,
					"children": [
						{
							"name": "Leaves",
							"origin": [8, 8, 8],
							"color": 0,
							"children": [54, 55, 56, 57]
						},
						{
							"name": "Leaves",
							"origin": [8, 8, 8],
							"color": 0,
							"children": [58, 59, 60, 61]
						},
						{
							"name": "Leaves",
							"origin": [8, 8, 8],
							"color": 0,
							"children": [62, 63, 64, 65]
						}
					]
				}
			]
		}
	]
}