{
	"credit": "Made with Blockbench",
	"texture_size": [32, 32],
	"textures": {
		"0": "triland:item/dinner_plate",
		"particle": "triland:item/dinner_plate"
	},
	"elements": [
		{
			"from": [3, 8, 3],
			"to": [13, 9, 13],
			"rotation": {"angle": 0, "axis": "y", "origin": [7, 8, 8]},
			"faces": {
				"north": {"uv": [5, 0, 10, 0.5], "texture": "#0"},
				"east": {"uv": [5, 0.5, 10, 1], "texture": "#0"},
				"south": {"uv": [5, 1, 10, 1.5], "texture": "#0"},
				"west": {"uv": [5, 1.5, 10, 2], "texture": "#0"},
				"up": {"uv": [5, 5, 0, 0], "texture": "#0"},
				"down": {"uv": [5, 5, 0, 10], "texture": "#0"}
			}
		},
		{
			"from": [5, 8, 13],
			"to": [11, 9, 14],
			"rotation": {"angle": 0, "axis": "y", "origin": [7, 8, 18]},
			"faces": {
				"north": {"uv": [5, 2, 8, 2.5], "texture": "#0"},
				"east": {"uv": [10.5, 6.5, 11, 7], "texture": "#0"},
				"south": {"uv": [5, 2.5, 8, 3], "texture": "#0"},
				"west": {"uv": [8, 10.5, 8.5, 11], "texture": "#0"},
				"up": {"uv": [8, 3.5, 5, 3], "texture": "#0"},
				"down": {"uv": [8, 3.5, 5, 4], "texture": "#0"}
			}
		},
		{
			"from": [13, 8, 5],
			"to": [14, 9, 11],
			"rotation": {"angle": 0, "axis": "y", "origin": [8, 8.5, 8]},
			"faces": {
				"north": {"uv": [8.5, 10.5, 9, 11], "texture": "#0"},
				"east": {"uv": [5, 4, 8, 4.5], "texture": "#0"},
				"south": {"uv": [10.5, 8.5, 11, 9], "texture": "#0"},
				"west": {"uv": [5, 4.5, 8, 5], "texture": "#0"},
				"up": {"uv": [5.5, 8, 5, 5], "texture": "#0"},
				"down": {"uv": [6, 5, 5.5, 8], "texture": "#0"}
			}
		},
		{
			"from": [5, 8, 2],
			"to": [11, 9, 3],
			"rotation": {"angle": 0, "axis": "y", "origin": [8, 8.5, 8]},
			"faces": {
				"north": {"uv": [6, 5, 9, 5.5], "texture": "#0"},
				"east": {"uv": [9, 10.5, 9.5, 11], "texture": "#0"},
				"south": {"uv": [6, 5.5, 9, 6], "texture": "#0"},
				"west": {"uv": [9.5, 10.5, 10, 11], "texture": "#0"},
				"up": {"uv": [9, 6.5, 6, 6], "texture": "#0"},
				"down": {"uv": [9, 6.5, 6, 7], "texture": "#0"}
			}
		},
		{
			"from": [2, 8, 5],
			"to": [3, 9, 11],
			"rotation": {"angle": 0, "axis": "y", "origin": [8, 8.5, 8]},
			"faces": {
				"north": {"uv": [10.5, 9.5, 11, 10], "texture": "#0"},
				"east": {"uv": [6, 7, 9, 7.5], "texture": "#0"},
				"south": {"uv": [10, 10.5, 10.5, 11], "texture": "#0"},
				"west": {"uv": [6, 7.5, 9, 8], "texture": "#0"},
				"up": {"uv": [8.5, 5, 8, 2], "texture": "#0"},
				"down": {"uv": [5.5, 8, 5, 11], "texture": "#0"}
			}
		},
		{
			"from": [2, 8.5, 3],
			"to": [3, 9.5, 5],
			"rotation": {"angle": 0, "axis": "y", "origin": [8, 9, 6]},
			"faces": {
				"north": {"uv": [10.5, 10, 11, 10.5], "texture": "#0"},
				"east": {"uv": [9.5, 6, 10.5, 6.5], "texture": "#0"},
				"south": {"uv": [10.5, 10.5, 11, 11], "texture": "#0"},
				"west": {"uv": [9.5, 6.5, 10.5, 7], "texture": "#0"},
				"up": {"uv": [7.5, 10.5, 7, 9.5], "texture": "#0"},
				"down": {"uv": [10, 7, 9.5, 8], "texture": "#0"}
			}
		},
		{
			"from": [13, 8.5, 3],
			"to": [14, 9.5, 5],
			"rotation": {"angle": 0, "axis": "y", "origin": [19, 9, 6]},
			"faces": {
				"north": {"uv": [5, 11, 5.5, 11.5], "texture": "#0"},
				"east": {"uv": [0, 10.5, 1, 11], "texture": "#0"},
				"south": {"uv": [11, 6.5, 11.5, 7], "texture": "#0"},
				"west": {"uv": [1, 10.5, 2, 11], "texture": "#0"},
				"up": {"uv": [3.5, 11.5, 3, 10.5], "texture": "#0"},
				"down": {"uv": [4, 10.5, 3.5, 11.5], "texture": "#0"}
			}
		},
		{
			"from": [13, 8.5, 11],
			"to": [14, 9.5, 13],
			"rotation": {"angle": 0, "axis": "y", "origin": [19, 9, 14]},
			"faces": {
				"north": {"uv": [11, 7, 11.5, 7.5], "texture": "#0"},
				"east": {"uv": [4, 10.5, 5, 11], "texture": "#0"},
				"south": {"uv": [11, 7.5, 11.5, 8], "texture": "#0"},
				"west": {"uv": [10.5, 6, 11.5, 6.5], "texture": "#0"},
				"up": {"uv": [7.5, 11.5, 7, 10.5], "texture": "#0"},
				"down": {"uv": [8, 10.5, 7.5, 11.5], "texture": "#0"}
			}
		},
		{
			"from": [2, 8.5, 11],
			"to": [3, 9.5, 13],
			"rotation": {"angle": 0, "axis": "y", "origin": [8, 9, 14]},
			"faces": {
				"north": {"uv": [1.5, 11, 2, 11.5], "texture": "#0"},
				"east": {"uv": [10, 1, 11, 1.5], "texture": "#0"},
				"south": {"uv": [11, 1.5, 11.5, 2], "texture": "#0"},
				"west": {"uv": [10, 1.5, 11, 2], "texture": "#0"},
				"up": {"uv": [2.5, 11, 2, 10], "texture": "#0"},
				"down": {"uv": [3, 10, 2.5, 11], "texture": "#0"}
			}
		},
		{
			"from": [3, 8.5, 2],
			"to": [5, 9.5, 3],
			"rotation": {"angle": 0, "axis": "y", "origin": [9, 9, 5]},
			"faces": {
				"north": {"uv": [7.5, 9.5, 8.5, 10], "texture": "#0"},
				"east": {"uv": [0.5, 11, 1, 11.5], "texture": "#0"},
				"south": {"uv": [8.5, 9.5, 9.5, 10], "texture": "#0"},
				"west": {"uv": [11, 0.5, 11.5, 1], "texture": "#0"},
				"up": {"uv": [10.5, 9, 9.5, 8.5], "texture": "#0"},
				"down": {"uv": [10.5, 9.5, 9.5, 10], "texture": "#0"}
			}
		},
		{
			"from": [3, 8.5, 13],
			"to": [5, 9.5, 14],
			"rotation": {"angle": 0, "axis": "y", "origin": [9, 9, 16]},
			"faces": {
				"north": {"uv": [0, 10, 1, 10.5], "texture": "#0"},
				"east": {"uv": [1, 11, 1.5, 11.5], "texture": "#0"},
				"south": {"uv": [10, 0, 11, 0.5], "texture": "#0"},
				"west": {"uv": [11, 1, 11.5, 1.5], "texture": "#0"},
				"up": {"uv": [11, 1, 10, 0.5], "texture": "#0"},
				"down": {"uv": [2, 10, 1, 10.5], "texture": "#0"}
			}
		},
		{
			"from": [11, 8.5, 13],
			"to": [13, 9.5, 14],
			"rotation": {"angle": 0, "axis": "y", "origin": [17, 9, 16]},
			"faces": {
				"north": {"uv": [3, 10, 4, 10.5], "texture": "#0"},
				"east": {"uv": [2, 11, 2.5, 11.5], "texture": "#0"},
				"south": {"uv": [4, 10, 5, 10.5], "texture": "#0"},
				"west": {"uv": [2.5, 11, 3, 11.5], "texture": "#0"},
				"up": {"uv": [11, 7.5, 10, 7], "texture": "#0"},
				"down": {"uv": [8.5, 10, 7.5, 10.5], "texture": "#0"}
			}
		},
		{
			"from": [11, 8.5, 2],
			"to": [13, 9.5, 3],
			"rotation": {"angle": 0, "axis": "y", "origin": [17, 9, 5]},
			"faces": {
				"north": {"uv": [10, 7.5, 11, 8], "texture": "#0"},
				"east": {"uv": [4, 11, 4.5, 11.5], "texture": "#0"},
				"south": {"uv": [8.5, 10, 9.5, 10.5], "texture": "#0"},
				"west": {"uv": [4.5, 11, 5, 11.5], "texture": "#0"},
				"up": {"uv": [11, 9.5, 10, 9], "texture": "#0"},
				"down": {"uv": [10.5, 10, 9.5, 10.5], "texture": "#0"}
			}
		},
		{
			"from": [5, 8.5, 1],
			"to": [11, 9.5, 2],
			"rotation": {"angle": 0, "axis": "y", "origin": [13, 9, 4]},
			"faces": {
				"north": {"uv": [5.5, 8, 8.5, 8.5], "texture": "#0"},
				"east": {"uv": [0, 11, 0.5, 11.5], "texture": "#0"},
				"south": {"uv": [8.5, 2, 11.5, 2.5], "texture": "#0"},
				"west": {"uv": [11, 0, 11.5, 0.5], "texture": "#0"},
				"up": {"uv": [11.5, 3, 8.5, 2.5], "texture": "#0"},
				"down": {"uv": [11.5, 3, 8.5, 3.5], "texture": "#0"}
			}
		},
		{
			"from": [5, 8.5, 14],
			"to": [11, 9.5, 15],
			"rotation": {"angle": 0, "axis": "y", "origin": [13, 9, 17]},
			"faces": {
				"north": {"uv": [8.5, 8, 11.5, 8.5], "texture": "#0"},
				"east": {"uv": [11, 9, 11.5, 9.5], "texture": "#0"},
				"south": {"uv": [7, 9, 10, 9.5], "texture": "#0"},
				"west": {"uv": [9.5, 11, 10, 11.5], "texture": "#0"},
				"up": {"uv": [12.5, 5.5, 9.5, 5], "texture": "#0"},
				"down": {"uv": [12.5, 5.5, 9.5, 6], "texture": "#0"}
			}
		},
		{
			"from": [14, 8.5, 5],
			"to": [15, 9.5, 11],
			"rotation": {"angle": 0, "axis": "y", "origin": [20, 9, 8]},
			"faces": {
				"north": {"uv": [11, 8.5, 11.5, 9], "texture": "#0"},
				"east": {"uv": [8.5, 4.5, 11.5, 5], "texture": "#0"},
				"south": {"uv": [9, 11, 9.5, 11.5], "texture": "#0"},
				"west": {"uv": [6.5, 8.5, 9.5, 9], "texture": "#0"},
				"up": {"uv": [9.5, 8, 9, 5], "texture": "#0"},
				"down": {"uv": [7, 9, 6.5, 12], "texture": "#0"}
			}
		},
		{
			"from": [1, 8.5, 5],
			"to": [2, 9.5, 11],
			"rotation": {"angle": 0, "axis": "y", "origin": [7, 9, 8]},
			"faces": {
				"north": {"uv": [8, 11, 8.5, 11.5], "texture": "#0"},
				"east": {"uv": [8.5, 3.5, 11.5, 4], "texture": "#0"},
				"south": {"uv": [8.5, 11, 9, 11.5], "texture": "#0"},
				"west": {"uv": [8.5, 4, 11.5, 4.5], "texture": "#0"},
				"up": {"uv": [6, 11.5, 5.5, 8.5], "texture": "#0"},
				"down": {"uv": [6.5, 8.5, 6, 11.5], "texture": "#0"}
			}
		}
	],
	"display": {
		"thirdperson_righthand": {
			"translation": [0, 8.5, 0]
		},
		"head": {
			"translation": [0, 14.5, 0]
		}
	},
	"groups": [
		{
			"name": "bottom",
			"origin": [8, 8, 8],
			"color": 0,
			"children": [0, 1, 2, 3, 4]
		},
		{
			"name": "top",
			"origin": [8, 8, 8],
			"color": 0,
			"children": [5, 6, 7, 8, 9, 10, 11, 12, 13, 14, 15, 16]
		}
	]
}