{
	"credit": "Made with Blockbench",
	"textures": {
		"0": "triland:item/snowman",
		"particle": "triland:item/snowman"
	},
	"elements": [
		{
			"from": [2, -9, 2],
			"to": [14, 3, 14],
			"rotation": {"angle": 0, "axis": "y", "origin": [2, -9, 2]},
			"faces": {
				"north": {"uv": [6, 9, 9, 12], "texture": "#0"},
				"east": {"uv": [9, 12, 12, 15], "texture": "#0"},
				"south": {"uv": [3, 12, 6, 15], "texture": "#0"},
				"west": {"uv": [3, 9, 6, 12], "texture": "#0"},
				"up": {"uv": [0, 12, 3, 15], "texture": "#0"},
				"down": {"uv": [6, 12, 9, 15], "texture": "#0"}
			}
		},
		{
			"from": [3, 3, 3],
			"to": [13, 13, 13],
			"rotation": {"angle": 0, "axis": "y", "origin": [2, 3, 2]},
			"faces": {
				"north": {"uv": [7.5, 6.5, 10, 9], "texture": "#0"},
				"east": {"uv": [0, 6.5, 2.5, 9], "texture": "#0"},
				"south": {"uv": [2.5, 6.5, 5, 9], "texture": "#0"},
				"west": {"uv": [5, 6.5, 7.5, 9], "texture": "#0"},
				"up": {"uv": [5, 4, 7.5, 6.5], "texture": "#0"},
				"down": {"uv": [2.5, 4, 5, 6.5], "texture": "#0"}
			}
		},
		{
			"from": [4, 13, 4],
			"to": [12, 21, 12],
			"rotation": {"angle": 0, "axis": "y", "origin": [9.25, 15.75, 10.75]},
			"faces": {
				"north": {"uv": [6, 2, 8, 4], "texture": "#0"},
				"east": {"uv": [4, 2, 6, 4], "texture": "#0"},
				"south": {"uv": [2, 2, 4, 4], "texture": "#0"},
				"west": {"uv": [0, 2, 2, 4], "texture": "#0"},
				"up": {"uv": [4, 0, 6, 2], "rotation": 270, "texture": "#0"},
				"down": {"uv": [2, 0, 4, 2], "rotation": 90, "texture": "#0"}
			}
		},
		{
			"from": [4, 22, 4],
			"to": [12, 26, 12],
			"rotation": {"angle": 0, "axis": "y", "origin": [9.25, 16.75, 10.75]},
			"faces": {
				"north": {"uv": [14, 9, 16, 10], "texture": "#0"},
				"east": {"uv": [14, 9, 16, 10], "texture": "#0"},
				"south": {"uv": [14, 9, 16, 10], "texture": "#0"},
				"west": {"uv": [14, 9, 16, 10], "texture": "#0"},
				"up": {"uv": [14, 10, 16, 12], "rotation": 270, "texture": "#0"},
				"down": {"uv": [14, 10, 16, 12], "rotation": 90, "texture": "#0"}
			}
		},
		{
			"from": [3, 20, 3],
			"to": [13, 22, 13],
			"rotation": {"angle": 0, "axis": "y", "origin": [9.25, 16.75, 10.75]},
			"faces": {
				"north": {"uv": [13.5, 14.5, 16, 15], "texture": "#0"},
				"east": {"uv": [13.5, 14.5, 16, 15], "texture": "#0"},
				"south": {"uv": [13.5, 14.5, 16, 15], "texture": "#0"},
				"west": {"uv": [13.5, 14.5, 16, 15], "texture": "#0"},
				"up": {"uv": [13.5, 12, 16, 14.5], "rotation": 270, "texture": "#0"},
				"down": {"uv": [13.5, 12, 16, 14.5], "rotation": 90, "texture": "#0"}
			}
		},
		{
			"from": [2, 12, 2],
			"to": [14, 14, 14],
			"rotation": {"angle": 0, "axis": "y", "origin": [9.25, 15.75, 10.75]},
			"faces": {
				"north": {"uv": [13.5, 6, 16, 6.5], "texture": "#0"},
				"east": {"uv": [13.5, 6, 16, 6.5], "texture": "#0"},
				"south": {"uv": [13.5, 6, 16, 6.5], "texture": "#0"},
				"west": {"uv": [13.5, 6, 16, 6.5], "texture": "#0"},
				"up": {"uv": [13.5, 6.5, 16, 9], "rotation": 270, "texture": "#0"},
				"down": {"uv": [13.5, 6.5, 16, 9], "rotation": 90, "texture": "#0"}
			}
		},
		{
			"from": [2.75, 5, 12.5],
			"to": [5.75, 12, 13.5],
			"rotation": {"angle": 0, "axis": "y", "origin": [9, 15.75, 10.25]},
			"faces": {
				"north": {"uv": [15.25, 4.25, 16, 6], "texture": "#0"},
				"east": {"uv": [15, 4.25, 15.25, 6], "texture": "#0"},
				"south": {"uv": [13, 4.25, 13.75, 6], "texture": "#0"},
				"west": {"uv": [14.75, 4.25, 15, 6], "texture": "#0"},
				"up": {"uv": [14.5, 4, 15.25, 4.25], "rotation": 270, "texture": "#0"},
				"down": {"uv": [15.25, 4, 16, 4.25], "rotation": 90, "texture": "#0"}
			}
		},
		{
			"from": [-5.15165, 12.20926, 7],
			"to": [4.84835, 14.20926, 9],
			"rotation": {"angle": -45, "axis": "z", "origin": [-0.15165, 13.20926, 8]},
			"faces": {
				"north": {"uv": [7.5, 5.5, 10, 6], "texture": "#0"},
				"east": {"uv": [0, 9, 0.5, 9.5], "texture": "#0"},
				"south": {"uv": [7.5, 6, 10, 6.5], "texture": "#0"},
				"west": {"uv": [0.5, 9, 1, 9.5], "texture": "#0"},
				"up": {"uv": [9, 9.5, 9.5, 12], "rotation": 270, "texture": "#0"},
				"down": {"uv": [9.5, 9.5, 10, 12], "rotation": 90, "texture": "#0"}
			}
		},
		{
			"from": [10, 7, 7],
			"to": [20, 9, 9],
			"rotation": {"angle": -45, "axis": "z", "origin": [15, 8, 8]},
			"faces": {
				"north": {"uv": [7.5, 4.5, 10, 5], "texture": "#0"},
				"east": {"uv": [0.5, 10.5, 1, 11], "texture": "#0"},
				"south": {"uv": [7.5, 5, 10, 5.5], "texture": "#0"},
				"west": {"uv": [0, 10.5, 0.5, 11], "texture": "#0"},
				"up": {"uv": [10, 9.5, 10.5, 12], "rotation": 270, "texture": "#0"},
				"down": {"uv": [10.5, 9.5, 11, 12], "rotation": 90, "texture": "#0"}
			}
		},
		{
			"from": [7.5, 16.25, 11],
			"to": [8.5, 17.25, 16],
			"rotation": {"angle": 0, "axis": "y", "origin": [7.5, 16.25, 11]},
			"faces": {
				"north": {"uv": [10.5, 0.25, 10.75, 0.5], "texture": "#0"},
				"east": {"uv": [9.5, 0, 10.75, 0.25], "texture": "#0"},
				"south": {"uv": [10.5, 0.25, 10.75, 0.5], "texture": "#0"},
				"west": {"uv": [9.5, 0, 10.75, 0.25], "texture": "#0"},
				"up": {"uv": [10.75, 0, 11, 1.25], "texture": "#0"},
				"down": {"uv": [10.75, 0, 11, 1.25], "texture": "#0"}
			}
		}
	]
}