{
	"credit": "Trash Can [Minecraft] (https://skfb.ly/opuAy) by sedona1029 is licensed under Creative Commons Attribution (http://creativecommons.org/licenses/by/4.0/).",
	"textures": {
		"0": "triland:item/trash_can_small",
		"particle": "triland:item/trash_can_small"
	},
	"elements": [
		{
			"from": [1, 0, 1],
			"to": [15, 16, 15],
			"rotation": {"angle": 0, "axis": "y", "origin": [1, 0, 1]},
			"faces": {
				"north": {"uv": [0, 7.5, 7, 16], "texture": "#0"},
				"east": {"uv": [0, 7.5, 7, 16], "texture": "#0"},
				"south": {"uv": [0, 7.5, 7, 16], "texture": "#0"},
				"west": {"uv": [0, 7.5, 7, 16], "texture": "#0"},
				"up": {"uv": [7.5, 2.5, 14.5, 9.5], "texture": "#0"},
				"down": {"uv": [7.5, 2.5, 14.5, 9.5], "texture": "#0"}
			}
		},
		{
			"from": [0, 16, 0],
			"to": [16, 20, 16],
			"rotation": {"angle": 0, "axis": "y", "origin": [0, 16, 0]},
			"faces": {
				"north": {"uv": [7, 0, 15, 2], "texture": "#0"},
				"east": {"uv": [7, 0, 15, 2], "texture": "#0"},
				"south": {"uv": [7, 0, 15, 2], "texture": "#0"},
				"west": {"uv": [7, 0, 15, 2], "texture": "#0"},
				"up": {"uv": [7, 2, 15, 10], "texture": "#0"},
				"down": {"uv": [7, 2, 15, 10], "texture": "#0"}
			}
		},
		{
			"from": [5.5, 21, 7],
			"to": [10.5, 22, 9],
			"rotation": {"angle": 0, "axis": "y", "origin": [6.5, 20, 7]},
			"faces": {
				"north": {"uv": [7, 10, 9.5, 10.5], "texture": "#0"},
				"east": {"uv": [12, 10.5, 11, 11], "texture": "#0"},
				"south": {"uv": [7, 10, 9.5, 10.5], "texture": "#0"},
				"west": {"uv": [12, 10.5, 11, 11], "texture": "#0"},
				"up": {"uv": [9.5, 10, 12, 11], "texture": "#0"},
				"down": {"uv": [9.5, 10, 12, 11], "texture": "#0"}
			}
		},
		{
			"from": [5.5, 20, 7],
			"to": [6.5, 21, 9],
			"rotation": {"angle": 0, "axis": "y", "origin": [6.5, 19, 7]},
			"faces": {
				"north": {"uv": [8, 10, 8.5, 10.5], "texture": "#0"},
				"east": {"uv": [7, 10, 8, 10.5], "texture": "#0"},
				"south": {"uv": [9, 10.5, 9.5, 11], "texture": "#0"},
				"west": {"uv": [7, 10, 8, 10.5], "texture": "#0"},
				"up": {"uv": [7, 10, 7.5, 11], "texture": "#0"},
				"down": {"uv": [7, 10, 7.5, 11], "texture": "#0"}
			}
		},
		{
			"from": [9.5, 20, 7],
			"to": [10.5, 21, 9],
			"rotation": {"angle": 0, "axis": "y", "origin": [10.5, 19, 7]},
			"faces": {
				"north": {"uv": [7.5, 10, 8, 10.5], "texture": "#0"},
				"east": {"uv": [8.5, 10, 9.5, 10.5], "texture": "#0"},
				"south": {"uv": [10.5, 10, 11, 10.5], "texture": "#0"},
				"west": {"uv": [11, 10.5, 12, 11], "texture": "#0"},
				"up": {"uv": [9, 10, 9.5, 11], "texture": "#0"},
				"down": {"uv": [9, 10, 9.5, 11], "texture": "#0"}
			}
		}
	]
}