{
	"credit": "Made with Blockbench",
	"texture_size": [64, 64],
	"textures": {
		"0": "block/furnace_front",
		"particle": "block/furnace_front"
	},
	"elements": [
		{
			"from": [0, 0, 0],
			"to": [16, 16, 16],
			"rotation": {"angle": 0, "axis": "y", "origin": [8, 10, 6.75]},
			"faces": {
				"north": {"uv": [4, 0, 8, 4], "texture": "#0"},
				"east": {"uv": [4, 4, 8, 8], "texture": "#0"},
				"south": {"uv": [0, 0, 4, 4], "texture": "#0"},
				"west": {"uv": [0, 4, 4, 8], "texture": "#0"},
				"up": {"uv": [4, 12, 0, 8], "rotation": 180, "texture": "#0"},
				"down": {"uv": [12, 0, 8, 4], "rotation": 180, "texture": "#0"}
			}
		},
		{
			"from": [0, 16, 15],
			"to": [16, 19, 16],
			"rotation": {"angle": 0, "axis": "y", "origin": [8, 10, 6.75]},
			"faces": {
				"north": {"uv": [9, 6.5, 13, 7.25], "texture": "#0"},
				"east": {"uv": [8, 11.5, 8.25, 12.25], "texture": "#0"},
				"south": {"uv": [9, 5.75, 13, 6.5], "texture": "#0"},
				"west": {"uv": [7.75, 11.5, 8, 12.25], "texture": "#0"},
				"up": {"uv": [11, 10.75, 7, 10.5], "rotation": 180, "texture": "#0"},
				"down": {"uv": [11, 10.75, 7, 11], "rotation": 180, "texture": "#0"}
			}
		},
		{
			"from": [12, 1, -1],
			"to": [16, 16, 0],
			"rotation": {"angle": 0, "axis": "y", "origin": [8, 10, 6.75]},
			"faces": {
				"north": {"uv": [8, 4, 9, 7.75], "texture": "#0"},
				"east": {"uv": [7.25, 11, 7.5, 14.75], "texture": "#0"},
				"south": {"uv": [4, 8, 5, 11.75], "texture": "#0"},
				"west": {"uv": [7, 11, 7.25, 14.75], "texture": "#0"},
				"up": {"uv": [9, 8, 8, 7.75], "rotation": 180, "texture": "#0"},
				"down": {"uv": [12.25, 10, 11.25, 10.25], "rotation": 180, "texture": "#0"}
			}
		},
		{
			"from": [0, 1, -1],
			"to": [4, 16, 0],
			"rotation": {"angle": 0, "axis": "y", "origin": [8, 10, 6.75]},
			"faces": {
				"north": {"uv": [6, 8, 7, 11.75], "texture": "#0"},
				"east": {"uv": [7.5, 11, 7.75, 14.75], "texture": "#0"},
				"south": {"uv": [5, 8, 6, 11.75], "texture": "#0"},
				"west": {"uv": [11, 7.25, 11.25, 11], "texture": "#0"},
				"up": {"uv": [12.25, 10.5, 11.25, 10.25], "rotation": 180, "texture": "#0"},
				"down": {"uv": [11.5, 11.25, 10.5, 11.5], "rotation": 180, "texture": "#0"}
			}
		},
		{
			"from": [4, 9, -1],
			"to": [12, 16, 0],
			"rotation": {"angle": 0, "axis": "y", "origin": [8, 10, 6.75]},
			"faces": {
				"north": {"uv": [9, 4, 11, 5.75], "texture": "#0"},
				"east": {"uv": [9.75, 11.25, 10, 13], "texture": "#0"},
				"south": {"uv": [7, 8, 9, 9.75], "texture": "#0"},
				"west": {"uv": [11.25, 8.25, 11.5, 10], "texture": "#0"},
				"up": {"uv": [11.75, 11.25, 9.75, 11], "rotation": 180, "texture": "#0"},
				"down": {"uv": [13.25, 7.25, 11.25, 7.5], "rotation": 180, "texture": "#0"}
			}
		},
		{
			"from": [4, 1, -1],
			"to": [12, 4, 0],
			"rotation": {"angle": 0, "axis": "y", "origin": [8, 10, 6.75]},
			"faces": {
				"north": {"uv": [9, 9.75, 11, 10.5], "texture": "#0"},
				"east": {"uv": [11.5, 8.25, 11.75, 9], "texture": "#0"},
				"south": {"uv": [7, 9.75, 9, 10.5], "texture": "#0"},
				"west": {"uv": [8.25, 11.5, 8.5, 12.25], "texture": "#0"},
				"up": {"uv": [13.25, 7.75, 11.25, 7.5], "rotation": 180, "texture": "#0"},
				"down": {"uv": [9.75, 11.25, 7.75, 11.5], "rotation": 180, "texture": "#0"}
			}
		},
		{
			"from": [2, 11, -2],
			"to": [14, 12, -2],
			"rotation": {"angle": 0, "axis": "y", "origin": [8, 10, 6.75]},
			"faces": {
				"north": {"uv": [11, 4.25, 14, 4.5], "texture": "#0"},
				"east": {"uv": [11.25, 10.75, 11.5, 11], "texture": "#0"},
				"south": {"uv": [11, 4, 14, 4.25], "texture": "#0"},
				"west": {"uv": [11.25, 10.5, 11.5, 10.75], "texture": "#0"},
				"up": {"uv": [14, 4.75, 11, 4.5], "rotation": 180, "texture": "#0"},
				"down": {"uv": [14, 4.75, 11, 5], "rotation": 180, "texture": "#0"}
			}
		},
		{
			"from": [2, 11, -2],
			"to": [2, 12, -1],
			"rotation": {"angle": 0, "axis": "y", "origin": [8, 10, 6.75]},
			"faces": {
				"north": {"uv": [11, 4.25, 14, 4.5], "texture": "#0"},
				"east": {"uv": [11.25, 10.75, 11.5, 11], "texture": "#0"},
				"south": {"uv": [11, 4, 14, 4.25], "texture": "#0"},
				"west": {"uv": [11.25, 10.5, 11.5, 10.75], "texture": "#0"},
				"up": {"uv": [14, 4.75, 11, 4.5], "rotation": 180, "texture": "#0"},
				"down": {"uv": [14, 4.75, 11, 5], "rotation": 180, "texture": "#0"}
			}
		},
		{
			"from": [14, 11, -2],
			"to": [14, 12, -1],
			"rotation": {"angle": 0, "axis": "y", "origin": [8, 10, 6.75]},
			"faces": {
				"north": {"uv": [11, 4.25, 14, 4.5], "texture": "#0"},
				"east": {"uv": [11.25, 10.75, 11.5, 11], "texture": "#0"},
				"south": {"uv": [11, 4, 14, 4.25], "texture": "#0"},
				"west": {"uv": [11.25, 10.5, 11.5, 10.75], "texture": "#0"},
				"up": {"uv": [14, 4.75, 11, 4.5], "rotation": 180, "texture": "#0"},
				"down": {"uv": [14, 4.75, 11, 5], "rotation": 180, "texture": "#0"}
			}
		},
		{
			"from": [4, 2, -2],
			"to": [12, 3, -2],
			"rotation": {"angle": 0, "axis": "y", "origin": [8, 10, 6.75]},
			"faces": {
				"north": {"uv": [11, 5.25, 13, 5.5], "texture": "#0"},
				"east": {"uv": [8.75, 11.5, 9, 11.75], "texture": "#0"},
				"south": {"uv": [11, 5, 13, 5.25], "texture": "#0"},
				"west": {"uv": [8.5, 11.5, 8.75, 11.75], "texture": "#0"},
				"up": {"uv": [13, 5.75, 11, 5.5], "rotation": 180, "texture": "#0"},
				"down": {"uv": [9.75, 11, 7.75, 11.25], "rotation": 180, "texture": "#0"}
			}
		},
		{
			"from": [4, 2, -2],
			"to": [4, 3, -1],
			"rotation": {"angle": 0, "axis": "y", "origin": [8, 10, 6.75]},
			"faces": {
				"north": {"uv": [11, 5.25, 13, 5.5], "texture": "#0"},
				"east": {"uv": [8.75, 11.5, 9, 11.75], "texture": "#0"},
				"south": {"uv": [11, 5, 13, 5.25], "texture": "#0"},
				"west": {"uv": [8.5, 11.5, 8.75, 11.75], "texture": "#0"},
				"up": {"uv": [13, 5.75, 11, 5.5], "rotation": 180, "texture": "#0"},
				"down": {"uv": [9.75, 11, 7.75, 11.25], "rotation": 180, "texture": "#0"}
			}
		},
		{
			"from": [12, 2, -2],
			"to": [12, 3, -1],
			"rotation": {"angle": 0, "axis": "y", "origin": [8, 10, 6.75]},
			"faces": {
				"north": {"uv": [11, 5.25, 13, 5.5], "texture": "#0"},
				"east": {"uv": [8.75, 11.5, 9, 11.75], "texture": "#0"},
				"south": {"uv": [11, 5, 13, 5.25], "texture": "#0"},
				"west": {"uv": [8.5, 11.5, 8.75, 11.75], "texture": "#0"},
				"up": {"uv": [13, 5.75, 11, 5.5], "rotation": 180, "texture": "#0"},
				"down": {"uv": [9.75, 11, 7.75, 11.25], "rotation": 180, "texture": "#0"}
			}
		},
		{
			"from": [11, 16.15, 0],
			"to": [14, 16.15, 1],
			"rotation": {"angle": 0, "axis": "y", "origin": [12, 16.15, 0]},
			"faces": {
				"north": {"uv": [0, 0, 0.75, 0], "texture": "#0"},
				"east": {"uv": [0, 0, 0.25, 0], "texture": "#0"},
				"south": {"uv": [0, 0, 0.75, 0], "texture": "#0"},
				"west": {"uv": [0, 0, 0.25, 0], "texture": "#0"},
				"up": {"uv": [1.5, 13, 2.25, 13.25], "texture": "#0"},
				"down": {"uv": [1.5, 14.25, 2.25, 14.5], "texture": "#0"}
			}
		},
		{
			"from": [11, 16.15, 4],
			"to": [14, 16.15, 5],
			"rotation": {"angle": 0, "axis": "y", "origin": [12, 16.15, 4]},
			"faces": {
				"north": {"uv": [0, 0, 0.75, 0], "texture": "#0"},
				"east": {"uv": [0, 0, 0.25, 0], "texture": "#0"},
				"south": {"uv": [0, 0, 0.75, 0], "texture": "#0"},
				"west": {"uv": [0, 0, 0.25, 0], "texture": "#0"},
				"up": {"uv": [1.5, 13, 2.25, 13.25], "texture": "#0"},
				"down": {"uv": [1.5, 14.25, 2.25, 14.5], "texture": "#0"}
			}
		},
		{
			"from": [11, 16.15, 9],
			"to": [14, 16.15, 10],
			"rotation": {"angle": 0, "axis": "y", "origin": [12, 16.15, 9]},
			"faces": {
				"north": {"uv": [0, 0, 0.75, 0], "texture": "#0"},
				"east": {"uv": [0, 0, 0.25, 0], "texture": "#0"},
				"south": {"uv": [0, 0, 0.75, 0], "texture": "#0"},
				"west": {"uv": [0, 0, 0.25, 0], "texture": "#0"},
				"up": {"uv": [1.5, 13, 2.25, 13.25], "texture": "#0"},
				"down": {"uv": [1.5, 14.25, 2.25, 14.5], "texture": "#0"}
			}
		},
		{
			"from": [11, 16.15, 13],
			"to": [14, 16.15, 14],
			"rotation": {"angle": 0, "axis": "y", "origin": [12, 16.15, 13]},
			"faces": {
				"north": {"uv": [0, 0, 0.75, 0], "texture": "#0"},
				"east": {"uv": [0, 0, 0.25, 0], "texture": "#0"},
				"south": {"uv": [0, 0, 0.75, 0], "texture": "#0"},
				"west": {"uv": [0, 0, 0.25, 0], "texture": "#0"},
				"up": {"uv": [1.5, 13, 2.25, 13.25], "texture": "#0"},
				"down": {"uv": [1.5, 14.25, 2.25, 14.5], "texture": "#0"}
			}
		},
		{
			"from": [2, 16.15, 0],
			"to": [5, 16.15, 1],
			"rotation": {"angle": 0, "axis": "y", "origin": [3, 16.15, 0]},
			"faces": {
				"north": {"uv": [0, 0, 0.75, 0], "texture": "#0"},
				"east": {"uv": [0, 0, 0.25, 0], "texture": "#0"},
				"south": {"uv": [0, 0, 0.75, 0], "texture": "#0"},
				"west": {"uv": [0, 0, 0.25, 0], "texture": "#0"},
				"up": {"uv": [1.5, 13, 2.25, 13.25], "texture": "#0"},
				"down": {"uv": [1.5, 14.25, 2.25, 14.5], "texture": "#0"}
			}
		},
		{
			"from": [2, 16.15, 4],
			"to": [5, 16.15, 5],
			"rotation": {"angle": 0, "axis": "y", "origin": [3, 16.15, 4]},
			"faces": {
				"north": {"uv": [0, 0, 0.75, 0], "texture": "#0"},
				"east": {"uv": [0, 0, 0.25, 0], "texture": "#0"},
				"south": {"uv": [0, 0, 0.75, 0], "texture": "#0"},
				"west": {"uv": [0, 0, 0.25, 0], "texture": "#0"},
				"up": {"uv": [1.5, 13, 2.25, 13.25], "texture": "#0"},
				"down": {"uv": [1.5, 14.25, 2.25, 14.5], "texture": "#0"}
			}
		},
		{
			"from": [2, 16.15, 9],
			"to": [5, 16.15, 10],
			"rotation": {"angle": 0, "axis": "y", "origin": [3, 16.15, 9]},
			"faces": {
				"north": {"uv": [0, 0, 0.75, 0], "texture": "#0"},
				"east": {"uv": [0, 0, 0.25, 0], "texture": "#0"},
				"south": {"uv": [0, 0, 0.75, 0], "texture": "#0"},
				"west": {"uv": [0, 0, 0.25, 0], "texture": "#0"},
				"up": {"uv": [1.5, 13, 2.25, 13.25], "texture": "#0"},
				"down": {"uv": [1.5, 14.25, 2.25, 14.5], "texture": "#0"}
			}
		},
		{
			"from": [2, 16.15, 13],
			"to": [5, 16.15, 14],
			"rotation": {"angle": 0, "axis": "y", "origin": [3, 16.15, 13]},
			"faces": {
				"north": {"uv": [0, 0, 0.75, 0], "texture": "#0"},
				"east": {"uv": [0, 0, 0.25, 0], "texture": "#0"},
				"south": {"uv": [0, 0, 0.75, 0], "texture": "#0"},
				"west": {"uv": [0, 0, 0.25, 0], "texture": "#0"},
				"up": {"uv": [1.5, 13, 2.25, 13.25], "texture": "#0"},
				"down": {"uv": [1.5, 14.25, 2.25, 14.5], "texture": "#0"}
			}
		},
		{
			"from": [6, 16.15, 0],
			"to": [10, 16.15, 1],
			"rotation": {"angle": 0, "axis": "y", "origin": [8, 16.15, 0]},
			"faces": {
				"north": {"uv": [0, 0, 1, 0], "texture": "#0"},
				"east": {"uv": [0, 0, 0.25, 0], "texture": "#0"},
				"south": {"uv": [0, 0, 1, 0], "texture": "#0"},
				"west": {"uv": [0, 0, 0.25, 0], "texture": "#0"},
				"up": {"uv": [1.5, 13, 2.5, 13.25], "texture": "#0"},
				"down": {"uv": [1.5, 14.25, 2.5, 14.5], "texture": "#0"}
			}
		},
		{
			"from": [6, 16.15, 4],
			"to": [10, 16.15, 5],
			"rotation": {"angle": 0, "axis": "y", "origin": [8, 16.15, 4]},
			"faces": {
				"north": {"uv": [0, 0, 1, 0], "texture": "#0"},
				"east": {"uv": [0, 0, 0.25, 0], "texture": "#0"},
				"south": {"uv": [0, 0, 1, 0], "texture": "#0"},
				"west": {"uv": [0, 0, 0.25, 0], "texture": "#0"},
				"up": {"uv": [1.5, 13, 2.5, 13.25], "texture": "#0"},
				"down": {"uv": [1.5, 14.25, 2.5, 14.5], "texture": "#0"}
			}
		},
		{
			"from": [6, 16.15, 9],
			"to": [10, 16.15, 10],
			"rotation": {"angle": 0, "axis": "y", "origin": [8, 16.15, 9]},
			"faces": {
				"north": {"uv": [0, 0, 1, 0], "texture": "#0"},
				"east": {"uv": [0, 0, 0.25, 0], "texture": "#0"},
				"south": {"uv": [0, 0, 1, 0], "texture": "#0"},
				"west": {"uv": [0, 0, 0.25, 0], "texture": "#0"},
				"up": {"uv": [1.5, 13, 2.5, 13.25], "texture": "#0"},
				"down": {"uv": [1.5, 14.25, 2.5, 14.5], "texture": "#0"}
			}
		},
		{
			"from": [6, 16.15, 13],
			"to": [10, 16.15, 14],
			"rotation": {"angle": 0, "axis": "y", "origin": [8, 16.15, 13]},
			"faces": {
				"north": {"uv": [0, 0, 1, 0], "texture": "#0"},
				"east": {"uv": [0, 0, 0.25, 0], "texture": "#0"},
				"south": {"uv": [0, 0, 1, 0], "texture": "#0"},
				"west": {"uv": [0, 0, 0.25, 0], "texture": "#0"},
				"up": {"uv": [1.5, 13, 2.5, 13.25], "texture": "#0"},
				"down": {"uv": [1.5, 14.25, 2.5, 14.5], "texture": "#0"}
			}
		},
		{
			"from": [14, 16.15, 0],
			"to": [15, 16.15, 14],
			"rotation": {"angle": 0, "axis": "y", "origin": [8, 10, 6.75]},
			"faces": {
				"north": {"uv": [0, 0, 3.5, 0], "texture": "#0"},
				"east": {"uv": [0, 0, 3.5, 0], "texture": "#0"},
				"south": {"uv": [0, 0, 3.5, 0], "texture": "#0"},
				"west": {"uv": [0, 0, 3.5, 0], "texture": "#0"},
				"up": {"uv": [12.5, 12.5, 12.75, 16], "rotation": 180, "texture": "#0"},
				"down": {"uv": [0.25, 12, 0.5, 15.5], "rotation": 180, "texture": "#0"}
			}
		},
		{
			"from": [10, 16.15, 0],
			"to": [11, 16.15, 14],
			"rotation": {"angle": 0, "axis": "y", "origin": [4, 10, 6.75]},
			"faces": {
				"north": {"uv": [0, 0, 3.5, 0], "texture": "#0"},
				"east": {"uv": [0, 0, 3.5, 0], "texture": "#0"},
				"south": {"uv": [0, 0, 3.5, 0], "texture": "#0"},
				"west": {"uv": [0, 0, 3.5, 0], "texture": "#0"},
				"up": {"uv": [12.5, 12.5, 12.75, 16], "rotation": 180, "texture": "#0"},
				"down": {"uv": [0.25, 12, 0.5, 15.5], "rotation": 180, "texture": "#0"}
			}
		},
		{
			"from": [5, 16.15, 0],
			"to": [6, 16.15, 14],
			"rotation": {"angle": 0, "axis": "y", "origin": [-1, 10, 6.75]},
			"faces": {
				"north": {"uv": [0, 0, 3.5, 0], "texture": "#0"},
				"east": {"uv": [0, 0, 3.5, 0], "texture": "#0"},
				"south": {"uv": [0, 0, 3.5, 0], "texture": "#0"},
				"west": {"uv": [0, 0, 3.5, 0], "texture": "#0"},
				"up": {"uv": [12.5, 12.5, 12.75, 16], "rotation": 180, "texture": "#0"},
				"down": {"uv": [0.25, 12, 0.5, 15.5], "rotation": 180, "texture": "#0"}
			}
		},
		{
			"from": [1, 16.15, 0],
			"to": [2, 16.15, 14],
			"rotation": {"angle": 0, "axis": "y", "origin": [-5, 10, 6.75]},
			"faces": {
				"north": {"uv": [0, 0, 3.5, 0], "texture": "#0"},
				"east": {"uv": [0, 0, 3.5, 0], "texture": "#0"},
				"south": {"uv": [0, 0, 3.5, 0], "texture": "#0"},
				"west": {"uv": [0, 0, 3.5, 0], "texture": "#0"},
				"up": {"uv": [12.5, 12.5, 12.75, 16], "rotation": 180, "texture": "#0"},
				"down": {"uv": [0.25, 12, 0.5, 15.5], "rotation": 180, "texture": "#0"}
			}
		}
	],
	"display": {
		"firstperson_righthand": {
			"rotation": [0, 118, 0],
			"scale": [0.5, 0.5, 0.5]
		},
		"ground": {
			"translation": [0, 4.5, 0],
			"scale": [0.5, 0.5, 0.5]
		}
	},
	"groups": [
		0,
		1,
		{
			"name": "front",
			"origin": [8, 8, 8],
			"color": 0,
			"children": [2, 3, 4, 5]
		},
		{
			"name": "handle",
			"origin": [8, 8, 8],
			"color": 0,
			"children": [6, 7, 8, 9, 10, 11]
		},
		{
			"name": "grillplate",
			"origin": [8, 8, 8],
			"color": 0,
			"children": [12, 13, 14, 15, 16, 17, 18, 19, 20, 21, 22, 23, 24, 25, 26, 27]
		}
	]
}