{
	"credit": "Made with Blockbench",
	"textures": {
		"0": "triland:block/sink",
		"particle": "triland:block/sink"
	},
	"elements": [
		{
			"from": [0, 14, 0],
			"to": [16, 16, 3],
			"rotation": {"angle": 0, "axis": "y", "origin": [8, 13.4, 8]},
			"faces": {
				"north": {"uv": [8.758, 2.008, 12.742, 2.492], "texture": "#0"},
				"east": {"uv": [9.258, 6.508, 9.992, 6.992], "texture": "#0"},
				"south": {"uv": [8.758, 2.508, 12.742, 2.992], "texture": "#0"},
				"west": {"uv": [9.258, 6.008, 9.992, 6.492], "texture": "#0"},
				"up": {"uv": [8.742, 7.992, 8.008, 4.008], "rotation": 270, "texture": "#0"},
				"down": {"uv": [0.008, 0.008, 0.742, 3.992], "rotation": 90, "texture": "#0"}
			}
		},
		{
			"from": [0, 14, 13],
			"to": [16, 16, 16],
			"rotation": {"angle": 0, "axis": "y", "origin": [8, 13.4, 8]},
			"faces": {
				"north": {"uv": [8.758, 1.008, 12.742, 1.492], "texture": "#0"},
				"east": {"uv": [8.508, 9.008, 9.242, 9.492], "texture": "#0"},
				"south": {"uv": [8.758, 1.508, 12.742, 1.992], "texture": "#0"},
				"west": {"uv": [8.758, 7.258, 9.492, 7.742], "texture": "#0"},
				"up": {"uv": [8.742, 3.992, 8.008, 0.008], "rotation": 270, "texture": "#0"},
				"down": {"uv": [0.008, 0.008, 0.742, 3.992], "rotation": 90, "texture": "#0"}
			}
		},
		{
			"from": [12, 14, 3],
			"to": [16, 16, 13],
			"rotation": {"angle": 0, "axis": "y", "origin": [8, 13.4, 8]},
			"faces": {
				"north": {"uv": [0.008, 0.008, 0.992, 0.492], "texture": "#0"},
				"east": {"uv": [8.758, 3.508, 11.242, 3.992], "texture": "#0"},
				"south": {"uv": [0.008, 0.008, 0.992, 0.492], "texture": "#0"},
				"west": {"uv": [8.758, 3.008, 11.242, 3.492], "texture": "#0"},
				"up": {"uv": [10.492, 8.992, 8.008, 8.008], "rotation": 270, "texture": "#0"},
				"down": {"uv": [0.008, 0.008, 2.492, 0.992], "rotation": 90, "texture": "#0"}
			}
		},
		{
			"from": [12, 16, 7],
			"to": [14, 17, 9],
			"rotation": {"angle": 0, "axis": "y", "origin": [16, 0, 16]},
			"faces": {
				"north": {"uv": [9.258, 9.258, 9.742, 9.492], "texture": "#0"},
				"east": {"uv": [9.508, 7.258, 9.992, 7.492], "texture": "#0"},
				"south": {"uv": [9.508, 7.508, 9.992, 7.742], "texture": "#0"},
				"west": {"uv": [9.258, 9.008, 9.742, 9.242], "texture": "#0"},
				"up": {"uv": [0.008, 0.008, 0.492, 0.492], "rotation": 270, "texture": "#0"},
				"down": {"uv": [0.008, 0.008, 0.492, 0.492], "rotation": 90, "texture": "#0"}
			}
		},
		{
			"from": [12.5, 16, 10],
			"to": [13.5, 18, 11],
			"rotation": {"angle": 0, "axis": "y", "origin": [16, 0, 16]},
			"faces": {
				"north": {"uv": [8.508, 9.758, 8.742, 10.242], "texture": "#0"},
				"east": {"uv": [8.758, 9.758, 8.992, 10.242], "texture": "#0"},
				"south": {"uv": [9.008, 9.758, 9.242, 10.242], "texture": "#0"},
				"west": {"uv": [9.508, 9.508, 9.742, 9.992], "texture": "#0"},
				"up": {"uv": [10.242, 6.742, 10.008, 6.508], "rotation": 270, "texture": "#0"},
				"down": {"uv": [0.008, 0.008, 0.242, 0.242], "rotation": 90, "texture": "#0"}
			}
		},
		{
			"from": [12.5, 16, 5],
			"to": [13.5, 18, 6],
			"rotation": {"angle": 0, "axis": "y", "origin": [16, 0, 16]},
			"faces": {
				"north": {"uv": [9.258, 9.758, 9.492, 10.242], "texture": "#0"},
				"east": {"uv": [9.758, 9.508, 9.992, 9.992], "texture": "#0"},
				"south": {"uv": [10.008, 6.008, 10.242, 6.492], "texture": "#0"},
				"west": {"uv": [9.758, 9.008, 9.992, 9.492], "texture": "#0"},
				"up": {"uv": [10.242, 6.992, 10.008, 6.758], "rotation": 270, "texture": "#0"},
				"down": {"uv": [0.008, 0.008, 0.242, 0.242], "rotation": 90, "texture": "#0"}
			}
		},
		{
			"from": [12.5, 17, 3],
			"to": [13.5, 18, 5],
			"rotation": {"angle": 0, "axis": "y", "origin": [13, 17.5, 4]},
			"faces": {
				"north": {"uv": [10.242, 6.992, 10.008, 6.758], "rotation": 90, "texture": "#0"},
				"east": {"uv": [9.758, 9.508, 9.992, 9.992], "rotation": 90, "texture": "#0"},
				"south": {"uv": [0.008, 0.008, 0.242, 0.242], "rotation": 90, "texture": "#0"},
				"west": {"uv": [9.758, 9.008, 9.992, 9.492], "rotation": 270, "texture": "#0"},
				"up": {"uv": [10.008, 6.008, 10.242, 6.492], "texture": "#0"},
				"down": {"uv": [9.258, 9.758, 9.492, 10.242], "rotation": 180, "texture": "#0"}
			}
		},
		{
			"from": [12.5, 17, 11],
			"to": [13.5, 18, 13],
			"rotation": {"angle": 0, "axis": "y", "origin": [13, 17.5, 12]},
			"faces": {
				"north": {"uv": [0.008, 0.242, 0.242, 0.008], "rotation": 90, "texture": "#0"},
				"east": {"uv": [9.758, 9.992, 9.992, 9.508], "rotation": 90, "texture": "#0"},
				"south": {"uv": [10.242, 6.758, 10.008, 6.992], "rotation": 90, "texture": "#0"},
				"west": {"uv": [9.758, 9.492, 9.992, 9.008], "rotation": 270, "texture": "#0"},
				"up": {"uv": [10.008, 6.492, 10.242, 6.008], "texture": "#0"},
				"down": {"uv": [9.258, 10.242, 9.492, 9.758], "rotation": 180, "texture": "#0"}
			}
		},
		{
			"from": [9, 17, 7],
			"to": [14, 18, 9],
			"rotation": {"angle": 0, "axis": "y", "origin": [16, 0, 16]},
			"faces": {
				"north": {"uv": [8.758, 7.758, 9.992, 7.992], "texture": "#0"},
				"east": {"uv": [9.008, 9.508, 9.492, 9.742], "texture": "#0"},
				"south": {"uv": [9.258, 7.008, 10.492, 7.242], "texture": "#0"},
				"west": {"uv": [8.508, 9.508, 8.992, 9.742], "texture": "#0"},
				"up": {"uv": [9.242, 7.242, 8.758, 6.008], "rotation": 270, "texture": "#0"},
				"down": {"uv": [8.492, 9.008, 8.008, 10.242], "rotation": 90, "texture": "#0"}
			}
		},
		{
			"from": [0, 14, 3],
			"to": [4, 16, 13],
			"rotation": {"angle": 0, "axis": "y", "origin": [8, 13.4, 8]},
			"faces": {
				"north": {"uv": [0.008, 0.008, 0.992, 0.492], "texture": "#0"},
				"east": {"uv": [8.758, 4.508, 11.242, 4.992], "texture": "#0"},
				"south": {"uv": [0.008, 0.008, 0.992, 0.492], "texture": "#0"},
				"west": {"uv": [8.758, 4.008, 11.242, 4.492], "texture": "#0"},
				"up": {"uv": [11.242, 0.992, 8.758, 0.008], "rotation": 270, "texture": "#0"},
				"down": {"uv": [0.008, 0.008, 2.492, 0.992], "rotation": 90, "texture": "#0"}
			}
		},
		{
			"from": [0, 0, 0],
			"to": [16, 14, 16],
			"rotation": {"angle": 0, "axis": "y", "origin": [8, 13.4, 8]},
			"faces": {
				"north": {"uv": [0.008, 8.008, 3.992, 11.492], "texture": "#0"},
				"east": {"uv": [3.992, 8.008, 0.008, 11.492], "texture": "#0"},
				"south": {"uv": [0.008, 8.008, 3.992, 11.492], "texture": "#0"},
				"west": {"uv": [4.008, 0.008, 7.992, 3.492], "texture": "#0"},
				"up": {"uv": [3.992, 3.992, 0.008, 0.008], "rotation": 270, "texture": "#0"},
				"down": {"uv": [3.992, 4.008, 0.008, 7.992], "rotation": 90, "texture": "#0"}
			}
		}
	],
	"display": {
		"thirdperson_righthand": {
			"rotation": [75, 1, 0],
			"translation": [-0.5, 2.5, 0],
			"scale": [0.375, 0.375, 0.375]
		},
		"thirdperson_lefthand": {
			"rotation": [75, 44, 0],
			"translation": [-0.5, 2.5, 0],
			"scale": [0.375, 0.375, 0.375]
		},
		"firstperson_righthand": {
			"rotation": [20, 33, 0],
			"translation": [-0.5, 2.5, 0],
			"scale": [0.375, 0.375, 0.375]
		},
		"firstperson_lefthand": {
			"rotation": [20, -143, 0],
			"translation": [-0.5, 2.5, 0],
			"scale": [0.375, 0.375, 0.375]
		},
		"ground": {
			"rotation": [20, 102, 0],
			"translation": [-0.5, 2.5, 0],
			"scale": [0.375, 0.375, 0.375]
		},
		"gui": {
			"rotation": [34, 129, 0],
			"translation": [-0.5, 0.5, 0],
			"scale": [0.375, 0.375, 0.375]
		}
	}
}