{
	"credit": "Made with Blockbench",
	"textures": {
		"1": "triland:block/toilet",
		"particle": "triland:block/toilet"
	},
	"elements": [
		{
			"from": [-0.02727, 0, -0.01818],
			"to": [16.27273, 2, 15.98182],
			"rotation": {"angle": 0, "axis": "y", "origin": [7.13636, 8.5, 7.09091]},
			"faces": {
				"north": {"uv": [7.008, 8.508, 10.992, 8.992], "texture": "#1"},
				"east": {"uv": [7.008, 9.008, 10.992, 9.492], "texture": "#1"},
				"south": {"uv": [7.008, 9.508, 10.992, 9.992], "texture": "#1"},
				"west": {"uv": [10.008, 5.508, 13.992, 5.992], "texture": "#1"},
				"up": {"uv": [3.992, 3.992, 0.008, 0.008], "texture": "#1"},
				"down": {"uv": [3.992, 0.008, 0.008, 3.992], "texture": "#1"}
			}
		},
		{
			"from": [12.27273, 9, 0.18182],
			"to": [16.27273, 20, 16.18182],
			"rotation": {"angle": 0, "axis": "y", "origin": [7.13636, 8.5, 7.09091]},
			"faces": {
				"north": {"uv": [5.008, 8.508, 5.992, 11.242], "texture": "#1"},
				"east": {"uv": [7.992, 2.758, 4.008, 5.492], "texture": "#1"},
				"south": {"uv": [5.992, 8.508, 5.008, 11.242], "texture": "#1"},
				"west": {"uv": [4.008, 2.758, 7.992, 5.492], "texture": "#1"},
				"up": {"uv": [3.992, 11.992, 3.008, 8.008], "texture": "#1"},
				"down": {"uv": [4.992, 8.508, 4.008, 12.492], "texture": "#1"}
			}
		},
		{
			"from": [12.27273, 2, 2.18182],
			"to": [16.27273, 9, 14.18182],
			"rotation": {"angle": 0, "axis": "y", "origin": [7.13636, 8.5, 7.09091]},
			"faces": {
				"north": {"uv": [1.992, 9.758, 1.008, 11.492], "texture": "#1"},
				"east": {"uv": [0.008, 8.008, 2.992, 9.742], "texture": "#1"},
				"south": {"uv": [1.008, 9.758, 1.992, 11.492], "texture": "#1"},
				"west": {"uv": [8.008, 0.008, 10.992, 1.742], "texture": "#1"},
				"up": {"uv": [0, 0, 0, 0], "texture": "#1"},
				"down": {"uv": [0, 0, 0, 0], "texture": "#1"}
			}
		},
		{
			"from": [3.27273, 2, 4.18182],
			"to": [12.27273, 5, 12.18182],
			"rotation": {"angle": 0, "axis": "y", "origin": [7.13636, 8.5, 7.09091]},
			"faces": {
				"north": {"uv": [12.242, 6.758, 10.008, 7.492], "texture": "#1"},
				"east": {"uv": [0, 0, 0, 0], "texture": "#1"},
				"south": {"uv": [10.008, 6.758, 12.242, 7.492], "texture": "#1"},
				"west": {"uv": [7.008, 10.008, 8.992, 10.742], "texture": "#1"},
				"up": {"uv": [0, 0, 0, 0], "texture": "#1"},
				"down": {"uv": [0, 0, 0, 0], "texture": "#1"}
			}
		},
		{
			"from": [2.27273, 5, 4.18182],
			"to": [11.27273, 8, 12.18182],
			"rotation": {"angle": 0, "axis": "y", "origin": [7.13636, 8.5, 7.09091]},
			"faces": {
				"north": {"uv": [0, 0, 0, 0], "texture": "#1"},
				"east": {"uv": [0, 0, 0, 0], "texture": "#1"},
				"south": {"uv": [0, 0, 0, 0], "texture": "#1"},
				"west": {"uv": [0, 0, 0, 0], "texture": "#1"},
				"up": {"uv": [6.492, 7.992, 4.258, 6.008], "texture": "#1"},
				"down": {"uv": [9.992, 5.508, 7.008, 8.492], "texture": "#1"}
			}
		},
		{
			"from": [0.27273, 5, 2.18182],
			"to": [12.27273, 10, 4.18182],
			"rotation": {"angle": 0, "axis": "y", "origin": [7.13636, 8.5, 7.09091]},
			"faces": {
				"north": {"uv": [8.008, 1.758, 10.992, 2.992], "texture": "#1"},
				"east": {"uv": [0, 0, 0, 0], "texture": "#1"},
				"south": {"uv": [8.008, 3.008, 10.992, 4.242], "texture": "#1"},
				"west": {"uv": [8.008, 4.258, 8.492, 5.492], "texture": "#1"},
				"up": {"uv": [6.992, 8.492, 4.008, 8.008], "texture": "#1"},
				"down": {"uv": [9.992, 5.508, 7.008, 8.492], "texture": "#1"}
			}
		},
		{
			"from": [11.27273, 5, 4.18182],
			"to": [12.27273, 10, 12.18182],
			"rotation": {"angle": 0, "axis": "y", "origin": [7.13636, 8.5, 7.09091]},
			"faces": {
				"north": {"uv": [0, 0, 0, 0], "texture": "#1"},
				"east": {"uv": [0, 0, 0, 0], "texture": "#1"},
				"south": {"uv": [0, 0, 0, 0], "texture": "#1"},
				"west": {"uv": [8.508, 0.008, 10.492, 1.242], "texture": "#1"},
				"up": {"uv": [4.242, 7.992, 4.008, 6.008], "texture": "#1"},
				"down": {"uv": [0, 0, 0, 0], "texture": "#1"}
			}
		},
		{
			"from": [0.27273, 5, 12.18182],
			"to": [12.27273, 10, 14.18182],
			"rotation": {"angle": 0, "axis": "y", "origin": [7.13636, 8.5, 7.09091]},
			"faces": {
				"north": {"uv": [8.008, 1.758, 10.992, 2.992], "texture": "#1"},
				"east": {"uv": [0, 0, 0, 0], "texture": "#1"},
				"south": {"uv": [8.008, 3.008, 10.992, 4.242], "texture": "#1"},
				"west": {"uv": [10.508, 4.258, 10.992, 5.492], "texture": "#1"},
				"up": {"uv": [6.992, 5.992, 4.008, 5.508], "texture": "#1"},
				"down": {"uv": [9.992, 5.508, 7.008, 8.492], "texture": "#1"}
			}
		},
		{
			"from": [0.27273, 5, 4.18182],
			"to": [2.27273, 10, 12.18182],
			"rotation": {"angle": 0, "axis": "y", "origin": [7.13636, 8.5, 7.09091]},
			"faces": {
				"north": {"uv": [0, 0, 0, 0], "texture": "#1"},
				"east": {"uv": [8.508, 0.008, 10.492, 1.242], "texture": "#1"},
				"south": {"uv": [0, 0, 0, 0], "texture": "#1"},
				"west": {"uv": [8.508, 4.258, 10.492, 5.492], "texture": "#1"},
				"up": {"uv": [6.992, 7.992, 6.508, 6.008], "texture": "#1"},
				"down": {"uv": [9.992, 5.508, 7.008, 8.492], "texture": "#1"}
			}
		},
		{
			"from": [11.27273, 15, 13.18182],
			"to": [12.27273, 17, 15.18182],
			"rotation": {"angle": 0, "axis": "y", "origin": [7.13636, 8.5, 7.09091]},
			"faces": {
				"north": {"uv": [2.508, 9.758, 2.742, 10.242], "texture": "#1"},
				"east": {"uv": [0, 0, 0, 0], "texture": "#1"},
				"south": {"uv": [2.758, 9.758, 2.992, 10.242], "texture": "#1"},
				"west": {"uv": [2.008, 9.758, 2.492, 10.242], "texture": "#1"},
				"up": {"uv": [10.242, 7.992, 10.008, 7.508], "texture": "#1"},
				"down": {"uv": [10.242, 8.008, 10.008, 8.492], "texture": "#1"}
			}
		},
		{
			"from": [11.27273, 16, 11.18182],
			"to": [12.27273, 17, 13.18182],
			"rotation": {"angle": 0, "axis": "y", "origin": [7.13636, 8.5, 7.09091]},
			"faces": {
				"north": {"uv": [10.008, 10.008, 10.242, 10.242], "texture": "#1"},
				"east": {"uv": [0, 0, 0, 0], "texture": "#1"},
				"south": {"uv": [0, 0, 0, 0], "texture": "#1"},
				"west": {"uv": [9.008, 10.008, 9.492, 10.242], "texture": "#1"},
				"up": {"uv": [9.742, 10.492, 9.508, 10.008], "texture": "#1"},
				"down": {"uv": [9.992, 10.008, 9.758, 10.492], "texture": "#1"}
			}
		}
	],
	"display": {
		"thirdperson_righthand": {
			"translation": [0, 1.75, -0.5],
			"scale": [0.2, 0.2, 0.2]
		},
		"thirdperson_lefthand": {
			"translation": [0, 1.75, -0.5],
			"scale": [0.2, 0.2, 0.2]
		},
		"firstperson_righthand": {
			"rotation": [2, 21, 0],
			"translation": [0, 3, 0],
			"scale": [0.4, 0.4, 0.4]
		},
		"firstperson_lefthand": {
			"rotation": [2, -150, 0],
			"translation": [0, 3, 0],
			"scale": [0.4, 0.4, 0.4]
		},
		"ground": {
			"scale": [0.4, 0.4, 0.4]
		},
		"gui": {
			"rotation": [30, 135, 0],
			"translation": [0.5, -1.25, 0],
			"scale": [0.5, 0.5, 0.5]
		},
		"head": {
			"rotation": [0, 88, 0],
			"translation": [0, 13.75, 0]
		}
	}
}